country,year,hdi,income,life_exp,demox,hapiscore,continent
Afghanistan,2007-01-01,0.431,1250,58.0,0.304,0.37200000000000005,Asia
Afghanistan,2008-01-01,0.436,1270,58.8,0.302,0.37200000000000005,Asia
Afghanistan,2009-01-01,0.447,1500,59.3,0.275,0.44,Asia
Afghanistan,2010-01-01,0.46399999999999997,1670,59.9,0.248,0.47600000000000003,Asia
Afghanistan,2011-01-01,0.465,1630,60.4,0.248,0.38299999999999995,Asia
Afghanistan,2012-01-01,0.479,1770,60.8,0.248,0.37799999999999995,Asia
Afghanistan,2013-01-01,0.485,1810,61.3,0.248,0.35700000000000004,Asia
Afghanistan,2014-01-01,0.488,1800,61.2,0.27699999999999997,0.313,Asia
Afghanistan,2015-01-01,0.49,1770,61.2,0.27699999999999997,0.39799999999999996,Asia
Afghanistan,2016-01-01,0.491,1760,61.2,0.255,0.42200000000000004,Asia
Afghanistan,2017-01-01,0.493,1760,63.4,0.255,0.266,Asia
Afghanistan,2018-01-01,0.496,1740,63.7,0.297,0.26899999999999996,Asia
Albania,2007-01-01,0.718,8450,76.9,0.591,0.46299999999999997,Europe
Albania,2008-01-01,0.7240000000000001,9160,77.0,0.591,0.506,Europe
Albania,2009-01-01,0.7290000000000001,9530,77.5,0.589,0.5489999999999999,Europe
Albania,2010-01-01,0.74,9930,77.6,0.586,0.527,Europe
Albania,2011-01-01,0.759,10200,77.7,0.581,0.5870000000000001,Europe
Albania,2012-01-01,0.7709999999999999,10400,77.8,0.5670000000000001,0.551,Europe
Albania,2013-01-01,0.7809999999999999,10500,77.9,0.5670000000000001,0.455,Europe
Albania,2014-01-01,0.787,10700,77.9,0.5670000000000001,0.48100000000000004,Europe
Albania,2015-01-01,0.7879999999999999,11000,78.0,0.591,0.461,Europe
Albania,2016-01-01,0.7879999999999999,11400,78.1,0.591,0.451,Europe
Albania,2017-01-01,0.789,11800,78.2,0.598,0.46399999999999997,Europe
Albania,2018-01-01,0.7909999999999999,12300,78.3,0.598,0.5,Europe
Algeria,2007-01-01,0.708,12600,75.7,0.325,0.546,Africa
Algeria,2008-01-01,0.711,12700,75.9,0.332,0.546,Africa
Algeria,2009-01-01,0.72,12700,76.1,0.33799999999999997,0.546,Africa
Algeria,2010-01-01,0.73,12900,76.3,0.344,0.546,Africa
Algeria,2011-01-01,0.738,13000,76.5,0.344,0.532,Africa
Algeria,2012-01-01,0.737,13200,76.8,0.38299999999999995,0.56,Africa
Algeria,2013-01-01,0.746,13300,76.9,0.38299999999999995,0.5975,Africa
Algeria,2014-01-01,0.7490000000000001,13500,77.0,0.38299999999999995,0.635,Africa
Algeria,2015-01-01,0.7509999999999999,13800,77.1,0.395,0.5845,Africa
Algeria,2016-01-01,0.755,13900,77.4,0.35600000000000004,0.534,Africa
Algeria,2017-01-01,0.758,13900,77.7,0.35600000000000004,0.525,Africa
Algeria,2018-01-01,0.759,13900,77.9,0.35,0.504,Africa
Argentina,2007-01-01,0.8059999999999999,18000,75.1,0.6629999999999999,0.607,Americas
Argentina,2008-01-01,0.81,18600,75.5,0.6629999999999999,0.596,Americas
Argentina,2009-01-01,0.81,17300,75.6,0.6729999999999999,0.642,Americas
Argentina,2010-01-01,0.818,18900,75.8,0.684,0.644,Americas
Argentina,2011-01-01,0.823,19800,75.9,0.684,0.6779999999999999,Americas
Argentina,2012-01-01,0.823,19400,76.0,0.684,0.647,Americas
Argentina,2013-01-01,0.8240000000000001,19600,76.1,0.684,0.6579999999999999,Americas
Argentina,2014-01-01,0.825,18900,76.4,0.684,0.667,Americas
Argentina,2015-01-01,0.828,19200,76.5,0.7020000000000001,0.67,Americas
Argentina,2016-01-01,0.828,18600,76.5,0.696,0.643,Americas
Argentina,2017-01-01,0.8320000000000001,18900,76.7,0.696,0.604,Americas
Argentina,2018-01-01,0.83,18300,76.8,0.7020000000000001,0.579,Americas
Australia,2007-01-01,0.9079999999999999,40700,81.4,0.909,0.7290000000000001,Oceania
Australia,2008-01-01,0.922,41400,81.5,0.909,0.725,Oceania
Australia,2009-01-01,0.9229999999999999,41300,81.7,0.915,0.735,Oceania
Australia,2010-01-01,0.9259999999999999,41500,82.0,0.922,0.745,Oceania
Australia,2011-01-01,0.9279999999999999,42000,82.1,0.922,0.741,Oceania
Australia,2012-01-01,0.932,42800,82.5,0.922,0.72,Oceania
Australia,2013-01-01,0.9259999999999999,43200,82.6,0.9129999999999999,0.736,Oceania
Australia,2014-01-01,0.929,43700,82.5,0.9009999999999999,0.7290000000000001,Oceania
Australia,2015-01-01,0.9329999999999999,44100,82.5,0.9009999999999999,0.731,Oceania
Australia,2016-01-01,0.935,44600,82.5,0.9009999999999999,0.725,Oceania
Australia,2017-01-01,0.937,44900,82.4,0.909,0.726,Oceania
Australia,2018-01-01,0.938,45400,82.5,0.909,0.718,Oceania
Austria,2007-01-01,0.8809999999999999,43900,80.2,0.8590000000000001,0.718,Europe
Austria,2008-01-01,0.884,44400,80.4,0.8490000000000001,0.718,Europe
Austria,2009-01-01,0.8859999999999999,42700,80.3,0.8490000000000001,0.724,Europe
Austria,2010-01-01,0.895,43300,80.6,0.8490000000000001,0.73,Europe
Austria,2011-01-01,0.897,44500,80.8,0.8490000000000001,0.747,Europe
Austria,2012-01-01,0.899,44600,81.0,0.862,0.74,Europe
Austria,2013-01-01,0.8959999999999999,44300,81.2,0.848,0.75,Europe
Austria,2014-01-01,0.904,44200,81.4,0.8540000000000001,0.695,Europe
Austria,2015-01-01,0.9059999999999999,44300,81.5,0.8540000000000001,0.708,Europe
Austria,2016-01-01,0.909,44700,81.7,0.841,0.705,Europe
Austria,2017-01-01,0.912,45500,81.8,0.8420000000000001,0.7290000000000001,Europe
Austria,2018-01-01,0.914,46500,81.9,0.8290000000000001,0.74,Europe
Bahrain,2007-01-01,0.7959999999999999,42800,76.5,0.345,0.57,Asia
Bahrain,2008-01-01,0.7959999999999999,42200,77.1,0.33799999999999997,0.57,Asia
Bahrain,2009-01-01,0.794,40700,77.8,0.344,0.57,Asia
Bahrain,2010-01-01,0.7959999999999999,40600,78.2,0.349,0.594,Asia
Bahrain,2011-01-01,0.7979999999999999,40200,78.5,0.292,0.48200000000000004,Asia
Bahrain,2012-01-01,0.8,41000,78.7,0.253,0.503,Asia
Bahrain,2013-01-01,0.807,42700,78.9,0.287,0.669,Asia
Bahrain,2014-01-01,0.81,43800,79.2,0.287,0.617,Asia
Bahrain,2015-01-01,0.8340000000000001,43900,79.3,0.27899999999999997,0.601,Asia
Bahrain,2016-01-01,0.8390000000000001,43700,79.4,0.27899999999999997,0.617,Asia
Bahrain,2017-01-01,0.8390000000000001,43300,79.5,0.271,0.623,Asia
Bahrain,2018-01-01,0.838,42000,79.6,0.271,0.623,Asia
Bangladesh,2007-01-01,0.521,2220,68.1,0.581,0.461,Asia
Bangladesh,2008-01-01,0.524,2320,68.5,0.552,0.505,Asia
Bangladesh,2009-01-01,0.535,2410,69.1,0.57,0.508,Asia
Bangladesh,2010-01-01,0.5489999999999999,2520,69.5,0.5870000000000001,0.486,Asia
Bangladesh,2011-01-01,0.5589999999999999,2650,70.3,0.586,0.499,Asia
Bangladesh,2012-01-01,0.5670000000000001,2790,71.1,0.586,0.47200000000000003,Asia
Bangladesh,2013-01-01,0.5720000000000001,2930,71.7,0.586,0.466,Asia
Bangladesh,2014-01-01,0.5720000000000001,3070,72.0,0.578,0.46399999999999997,Asia
Bangladesh,2015-01-01,0.588,3230,72.5,0.573,0.46299999999999997,Asia
Bangladesh,2016-01-01,0.599,3420,72.9,0.573,0.456,Asia
Bangladesh,2017-01-01,0.609,3630,73.1,0.5429999999999999,0.431,Asia
Bangladesh,2018-01-01,0.614,3880,73.4,0.557,0.45,Asia
Belgium,2007-01-01,0.899,41600,79.6,0.815,0.722,Europe
Belgium,2008-01-01,0.899,41600,79.6,0.816,0.7120000000000001,Europe
Belgium,2009-01-01,0.899,40400,79.8,0.81,0.6985000000000001,Europe
Belgium,2010-01-01,0.903,41100,80.1,0.805,0.685,Europe
Belgium,2011-01-01,0.904,41300,80.2,0.805,0.711,Europe
Belgium,2012-01-01,0.905,41100,80.3,0.805,0.6940000000000001,Europe
Belgium,2013-01-01,0.9079999999999999,41000,80.5,0.805,0.71,Europe
Belgium,2014-01-01,0.91,41300,80.9,0.7929999999999999,0.6859999999999999,Europe
Belgium,2015-01-01,0.9129999999999999,41800,80.9,0.7929999999999999,0.69,Europe
Belgium,2016-01-01,0.915,42200,81.2,0.777,0.695,Europe
Belgium,2017-01-01,0.917,42800,81.4,0.778,0.693,Europe
Belgium,2018-01-01,0.919,43200,81.5,0.778,0.6890000000000001,Europe
Benin,2007-01-01,0.455,1810,60.0,0.611,0.36700000000000005,Africa
Benin,2008-01-01,0.462,1840,60.5,0.606,0.36700000000000005,Africa
Benin,2009-01-01,0.46799999999999997,1830,61.0,0.611,0.3736666666666667,Africa
Benin,2010-01-01,0.473,1820,61.4,0.617,0.38033333333333336,Africa
Benin,2011-01-01,0.479,1820,61.8,0.606,0.387,Africa
Benin,2012-01-01,0.489,1860,62.2,0.6,0.319,Africa
Benin,2013-01-01,0.5,1940,62.6,0.5870000000000001,0.348,Africa
Benin,2014-01-01,0.505,2000,63.0,0.565,0.335,Africa
Benin,2015-01-01,0.51,1990,63.5,0.5720000000000001,0.36200000000000004,Africa
Benin,2016-01-01,0.512,2010,64.1,0.5670000000000001,0.401,Africa
Benin,2017-01-01,0.515,2070,64.6,0.561,0.485,Africa
Benin,2018-01-01,0.52,2150,64.9,0.574,0.5820000000000001,Africa
Bolivia,2007-01-01,0.638,4910,69.7,0.606,0.563,Americas
Bolivia,2008-01-01,0.647,5130,70.1,0.615,0.53,Americas
Bolivia,2009-01-01,0.6509999999999999,5210,70.5,0.604,0.609,Americas
Bolivia,2010-01-01,0.6559999999999999,5340,70.8,0.5920000000000001,0.578,Americas
Bolivia,2011-01-01,0.66,5530,71.1,0.584,0.578,Americas
Bolivia,2012-01-01,0.6629999999999999,5720,71.4,0.584,0.602,Americas
Bolivia,2013-01-01,0.6729999999999999,6010,71.7,0.579,0.5770000000000001,Americas
Bolivia,2014-01-01,0.6779999999999999,6240,71.9,0.579,0.586,Americas
Bolivia,2015-01-01,0.685,6440,72.2,0.575,0.583,Americas
Bolivia,2016-01-01,0.6920000000000001,6620,72.5,0.563,0.5770000000000001,Americas
Bolivia,2017-01-01,0.7,6800,72.8,0.5489999999999999,0.565,Americas
Bolivia,2018-01-01,0.703,6990,73.1,0.57,0.5920000000000001,Americas
Bosnia and Herzegovina,2007-01-01,0.713,9320,75.7,0.574,0.49,Europe
Bosnia and Herzegovina,2008-01-01,0.72,9850,76.1,0.57,0.493,Europe
Bosnia and Herzegovina,2009-01-01,0.72,9600,76.1,0.551,0.496,Europe
Bosnia and Herzegovina,2010-01-01,0.7140000000000001,9760,76.3,0.532,0.467,Europe
Bosnia and Herzegovina,2011-01-01,0.722,9980,76.4,0.524,0.499,Europe
Bosnia and Herzegovina,2012-01-01,0.741,10000,76.6,0.511,0.47700000000000004,Europe
Bosnia and Herzegovina,2013-01-01,0.748,10500,76.5,0.502,0.512,Europe
Bosnia and Herzegovina,2014-01-01,0.754,10800,76.6,0.478,0.525,Europe
Bosnia and Herzegovina,2015-01-01,0.755,11300,76.4,0.483,0.512,Europe
Bosnia and Herzegovina,2016-01-01,0.765,11800,76.5,0.48700000000000004,0.518,Europe
Bosnia and Herzegovina,2017-01-01,0.767,12300,76.7,0.48700000000000004,0.509,Europe
Bosnia and Herzegovina,2018-01-01,0.769,12800,76.9,0.498,0.589,Europe
Botswana,2007-01-01,0.625,13200,55.8,0.753,0.545,Africa
Botswana,2008-01-01,0.638,13700,57.0,0.747,0.545,Africa
Botswana,2009-01-01,0.647,12400,58.4,0.755,0.45,Africa
Botswana,2010-01-01,0.66,13200,60.2,0.763,0.355,Africa
Botswana,2011-01-01,0.6759999999999999,13800,61.6,0.763,0.35200000000000004,Africa
Botswana,2012-01-01,0.687,14300,63.2,0.785,0.484,Africa
Botswana,2013-01-01,0.6990000000000001,15700,64.5,0.7979999999999999,0.413,Africa
Botswana,2014-01-01,0.7090000000000001,16200,65.8,0.787,0.40299999999999997,Africa
Botswana,2015-01-01,0.7140000000000001,15700,66.9,0.787,0.376,Africa
Botswana,2016-01-01,0.7190000000000001,16000,68.1,0.787,0.35,Africa
Botswana,2017-01-01,0.7240000000000001,16200,69.1,0.7809999999999999,0.35,Africa
Botswana,2018-01-01,0.728,16500,69.5,0.7809999999999999,0.34600000000000003,Africa
Brazil,2007-01-01,0.705,13300,73.7,0.738,0.632,Americas
Brazil,2008-01-01,0.716,13900,74.0,0.738,0.669,Americas
Brazil,2009-01-01,0.718,13700,74.2,0.725,0.7,Americas
Brazil,2010-01-01,0.726,14600,74.4,0.7120000000000001,0.684,Americas
Brazil,2011-01-01,0.73,15100,74.5,0.7120000000000001,0.7040000000000001,Americas
Brazil,2012-01-01,0.7340000000000001,15200,74.9,0.7120000000000001,0.6659999999999999,Americas
Brazil,2013-01-01,0.752,15500,75.1,0.7120000000000001,0.7140000000000001,Americas
Brazil,2014-01-01,0.755,15500,75.3,0.738,0.698,Americas
Brazil,2015-01-01,0.755,14800,75.5,0.696,0.655,Americas
Brazil,2016-01-01,0.757,14200,75.4,0.69,0.637,Americas
Brazil,2017-01-01,0.76,14200,75.5,0.6859999999999999,0.633,Americas
Brazil,2018-01-01,0.7609999999999999,14300,75.7,0.6970000000000001,0.619,Americas
Bulgaria,2007-01-01,0.764,14500,73.0,0.706,0.384,Europe
Bulgaria,2008-01-01,0.7709999999999999,15400,73.3,0.7020000000000001,0.38633333333333336,Europe
Bulgaria,2009-01-01,0.774,15000,73.6,0.693,0.38866666666666666,Europe
Bulgaria,2010-01-01,0.779,15300,73.8,0.684,0.391,Europe
Bulgaria,2011-01-01,0.782,15700,74.1,0.6779999999999999,0.38799999999999996,Europe
Bulgaria,2012-01-01,0.7859999999999999,15800,74.5,0.672,0.42200000000000004,Europe
Bulgaria,2013-01-01,0.792,15900,74.8,0.6829999999999999,0.39899999999999997,Europe
Bulgaria,2014-01-01,0.797,16300,74.5,0.6729999999999999,0.444,Europe
Bulgaria,2015-01-01,0.807,17000,74.8,0.7140000000000001,0.48700000000000004,Europe
Bulgaria,2016-01-01,0.812,17800,74.9,0.701,0.484,Europe
Bulgaria,2017-01-01,0.813,18600,74.9,0.703,0.51,Europe
Bulgaria,2018-01-01,0.816,19300,75.0,0.703,0.51,Europe
Burkina Faso,2007-01-01,0.344,1340,56.5,0.366,0.402,Africa
Burkina Faso,2008-01-01,0.35700000000000004,1390,57.2,0.36,0.385,Africa
Burkina Faso,2009-01-01,0.366,1390,57.8,0.36,0.39449999999999996,Africa
Burkina Faso,2010-01-01,0.375,1420,58.3,0.359,0.40399999999999997,Africa
Burkina Faso,2011-01-01,0.385,1470,58.8,0.359,0.479,Africa
Burkina Faso,2012-01-01,0.39399999999999996,1520,59.2,0.35200000000000004,0.396,Africa
Burkina Faso,2013-01-01,0.401,1560,59.7,0.415,0.33299999999999996,Africa
Burkina Faso,2014-01-01,0.405,1580,60.2,0.409,0.348,Africa
Burkina Faso,2015-01-01,0.413,1600,60.7,0.47,0.442,Africa
Burkina Faso,2016-01-01,0.42,1640,61.2,0.47,0.42100000000000004,Africa
Burkina Faso,2017-01-01,0.429,1700,61.7,0.475,0.465,Africa
Burkina Faso,2018-01-01,0.434,1760,62.1,0.475,0.493,Africa
Cambodia,2007-01-01,0.516,2330,65.3,0.48200000000000004,0.41600000000000004,Asia
Cambodia,2008-01-01,0.521,2450,66.0,0.48700000000000004,0.446,Asia
Cambodia,2009-01-01,0.524,2420,66.6,0.48700000000000004,0.41100000000000003,Asia
Cambodia,2010-01-01,0.535,2520,67.1,0.48700000000000004,0.414,Asia
Cambodia,2011-01-01,0.542,2660,67.6,0.48700000000000004,0.41600000000000004,Asia
Cambodia,2012-01-01,0.5479999999999999,2810,68.2,0.496,0.39,Asia
Cambodia,2013-01-01,0.555,2960,68.6,0.46,0.36700000000000005,Asia
Cambodia,2014-01-01,0.561,3120,69.0,0.478,0.38799999999999996,Asia
Cambodia,2015-01-01,0.5660000000000001,3290,69.3,0.42700000000000005,0.41600000000000004,Asia
Cambodia,2016-01-01,0.5720000000000001,3470,69.6,0.42700000000000005,0.446,Asia
Cambodia,2017-01-01,0.578,3650,69.9,0.363,0.45899999999999996,Asia
Cambodia,2018-01-01,0.581,3870,70.2,0.359,0.512,Asia
Cameroon,2007-01-01,0.48100000000000004,2860,55.7,0.336,0.435,Africa
Cameroon,2008-01-01,0.489,2880,56.3,0.34600000000000003,0.429,Africa
Cameroon,2009-01-01,0.49700000000000005,2860,56.9,0.344,0.474,Africa
Cameroon,2010-01-01,0.47100000000000003,2880,57.7,0.341,0.455,Africa
Cameroon,2011-01-01,0.513,2910,58.4,0.341,0.44299999999999995,Africa
Cameroon,2012-01-01,0.524,2970,59.2,0.344,0.424,Africa
Cameroon,2013-01-01,0.531,3040,59.9,0.341,0.42700000000000005,Africa
Cameroon,2014-01-01,0.54,3130,60.5,0.341,0.424,Africa
Cameroon,2015-01-01,0.5479999999999999,3220,61.2,0.366,0.504,Africa
Cameroon,2016-01-01,0.556,3290,62.1,0.34600000000000003,0.48200000000000004,Africa
Cameroon,2017-01-01,0.56,3310,63.0,0.361,0.507,Africa
Cameroon,2018-01-01,0.563,3350,63.4,0.32799999999999996,0.525,Africa
Canada,2007-01-01,0.8909999999999999,41600,80.7,0.907,0.748,Americas
Canada,2008-01-01,0.893,41600,80.8,0.907,0.7490000000000001,Americas
Canada,2009-01-01,0.893,39900,81.1,0.9079999999999999,0.7490000000000001,Americas
Canada,2010-01-01,0.895,40700,81.4,0.9079999999999999,0.765,Americas
Canada,2011-01-01,0.899,41600,81.7,0.9079999999999999,0.743,Americas
Canada,2012-01-01,0.9059999999999999,41800,81.7,0.9079999999999999,0.742,Americas
Canada,2013-01-01,0.91,42400,81.9,0.9079999999999999,0.759,Americas
Canada,2014-01-01,0.914,43100,81.8,0.9079999999999999,0.73,Americas
Canada,2015-01-01,0.917,43100,81.7,0.9079999999999999,0.741,Americas
Canada,2016-01-01,0.92,43100,81.9,0.915,0.7240000000000001,Americas
Canada,2017-01-01,0.9209999999999999,43900,82.0,0.915,0.741,Americas
Canada,2018-01-01,0.922,44100,82.1,0.915,0.718,Americas
Chad,2007-01-01,0.345,1740,54.6,0.158,0.414,Africa
Chad,2008-01-01,0.35,1730,55.1,0.152,0.46299999999999997,Africa
Chad,2009-01-01,0.366,1740,55.8,0.152,0.364,Africa
Chad,2010-01-01,0.374,1920,56.4,0.152,0.374,Africa
Chad,2011-01-01,0.385,1850,56.9,0.162,0.439,Africa
Chad,2012-01-01,0.39299999999999996,1950,57.5,0.162,0.40299999999999997,Africa
Chad,2013-01-01,0.39899999999999997,1990,58.1,0.15,0.35100000000000003,Africa
Chad,2014-01-01,0.406,2060,58.7,0.15,0.34600000000000003,Africa
Chad,2015-01-01,0.40299999999999997,2050,59.2,0.15,0.43200000000000005,Africa
Chad,2016-01-01,0.39799999999999996,1860,59.7,0.15,0.40299999999999997,Africa
Chad,2017-01-01,0.401,1750,60.0,0.15,0.456,Africa
Chad,2018-01-01,0.401,1750,60.3,0.161,0.449,Africa
Chile,2007-01-01,0.8009999999999999,18500,78.4,0.789,0.57,Americas
Chile,2008-01-01,0.8109999999999999,19000,78.8,0.789,0.579,Americas
Chile,2009-01-01,0.8190000000000001,18500,78.6,0.778,0.649,Americas
Chile,2010-01-01,0.8,19400,78.6,0.767,0.664,Americas
Chile,2011-01-01,0.812,20300,79.0,0.754,0.653,Americas
Chile,2012-01-01,0.818,21200,79.3,0.754,0.66,Americas
Chile,2013-01-01,0.83,21900,79.3,0.78,0.674,Americas
Chile,2014-01-01,0.8340000000000001,22000,79.6,0.78,0.684,Americas
Chile,2015-01-01,0.8390000000000001,22300,79.6,0.784,0.653,Americas
Chile,2016-01-01,0.843,22300,79.7,0.778,0.6579999999999999,Americas
Chile,2017-01-01,0.845,22300,79.7,0.784,0.632,Americas
Chile,2018-01-01,0.847,22900,79.8,0.797,0.644,Americas
China,2007-01-01,0.67,7260,75.4,0.301,0.486,Asia
China,2008-01-01,0.6809999999999999,7930,75.4,0.304,0.485,Asia
China,2009-01-01,0.69,8630,75.7,0.309,0.445,Asia
China,2010-01-01,0.7020000000000001,9500,75.8,0.314,0.465,Asia
China,2011-01-01,0.711,10400,76.0,0.314,0.504,Asia
China,2012-01-01,0.7190000000000001,11100,76.2,0.3,0.509,Asia
China,2013-01-01,0.727,11900,76.5,0.3,0.524,Asia
China,2014-01-01,0.735,12700,76.5,0.3,0.52,Asia
China,2015-01-01,0.742,13500,76.5,0.314,0.53,Asia
China,2016-01-01,0.7490000000000001,14400,76.7,0.314,0.532,Asia
China,2017-01-01,0.753,15300,77.1,0.31,0.51,Asia
China,2018-01-01,0.758,16200,77.3,0.332,0.513,Asia
Colombia,2007-01-01,0.713,10400,77.3,0.647,0.614,Americas
Colombia,2008-01-01,0.72,10600,77.6,0.654,0.617,Americas
Colombia,2009-01-01,0.7240000000000001,10600,77.7,0.655,0.627,Americas
Colombia,2010-01-01,0.7290000000000001,11000,78.1,0.655,0.6409999999999999,Americas
Colombia,2011-01-01,0.735,11700,78.9,0.6629999999999999,0.6459999999999999,Americas
Colombia,2012-01-01,0.736,12000,79.3,0.6629999999999999,0.637,Americas
Colombia,2013-01-01,0.746,12400,79.6,0.655,0.6609999999999999,Americas
Colombia,2014-01-01,0.75,12900,80.0,0.655,0.645,Americas
Colombia,2015-01-01,0.753,13100,80.0,0.662,0.639,Americas
Colombia,2016-01-01,0.759,13200,80.0,0.667,0.623,Americas
Colombia,2017-01-01,0.76,13200,80.1,0.667,0.616,Americas
Colombia,2018-01-01,0.7609999999999999,13300,80.3,0.696,0.598,Americas
"Congo, Dem. Rep.",2007-01-01,0.382,623,56.6,0.252,0.39799999999999996,Africa
"Congo, Dem. Rep.",2008-01-01,0.39299999999999996,640,56.8,0.228,0.39799999999999996,Africa
"Congo, Dem. Rep.",2009-01-01,0.4,637,57.1,0.221,0.39799999999999996,Africa
"Congo, Dem. Rep.",2010-01-01,0.41600000000000004,660,57.9,0.215,0.425,Africa
"Congo, Dem. Rep.",2011-01-01,0.419,682,58.5,0.215,0.452,Africa
"Congo, Dem. Rep.",2012-01-01,0.423,706,59.0,0.192,0.46399999999999997,Africa
"Congo, Dem. Rep.",2013-01-01,0.429,741,59.8,0.183,0.45,Africa
"Congo, Dem. Rep.",2014-01-01,0.441,785,60.5,0.175,0.441,Africa
"Congo, Dem. Rep.",2015-01-01,0.445,812,61.3,0.21100000000000002,0.39,Africa
"Congo, Dem. Rep.",2016-01-01,0.45299999999999996,805,61.9,0.193,0.452,Africa
"Congo, Dem. Rep.",2017-01-01,0.456,808,62.4,0.161,0.431,Africa
"Congo, Dem. Rep.",2018-01-01,0.45899999999999996,827,62.7,0.149,0.431,Africa
"Congo, Rep.",2007-01-01,0.523,4760,57.6,0.306,0.382,Africa
"Congo, Rep.",2008-01-01,0.5379999999999999,4850,58.3,0.294,0.382,Africa
"Congo, Rep.",2009-01-01,0.55,5050,59.1,0.29100000000000004,0.405,Africa
"Congo, Rep.",2010-01-01,0.557,5320,59.8,0.289,0.428,Africa
"Congo, Rep.",2011-01-01,0.5589999999999999,5350,60.4,0.289,0.451,Africa
"Congo, Rep.",2012-01-01,0.5710000000000001,5420,60.8,0.289,0.392,Africa
"Congo, Rep.",2013-01-01,0.581,5470,61.3,0.289,0.395,Africa
"Congo, Rep.",2014-01-01,0.595,5700,61.8,0.289,0.406,Africa
"Congo, Rep.",2015-01-01,0.614,5700,62.2,0.29100000000000004,0.469,Africa
"Congo, Rep.",2016-01-01,0.613,5400,62.5,0.29100000000000004,0.41200000000000003,Africa
"Congo, Rep.",2017-01-01,0.609,5100,62.6,0.325,0.488,Africa
"Congo, Rep.",2018-01-01,0.609,5020,63.0,0.331,0.5489999999999999,Africa
Costa Rica,2007-01-01,0.742,12300,80.2,0.804,0.743,Americas
Costa Rica,2008-01-01,0.75,12700,80.2,0.804,0.685,Americas
Costa Rica,2009-01-01,0.7509999999999999,12500,80.3,0.804,0.7609999999999999,Americas
Costa Rica,2010-01-01,0.754,12900,79.4,0.804,0.727,Americas
Costa Rica,2011-01-01,0.768,13300,79.8,0.81,0.723,Americas
Costa Rica,2012-01-01,0.774,13800,80.0,0.81,0.727,Americas
Costa Rica,2013-01-01,0.777,13900,80.1,0.8029999999999999,0.716,Americas
Costa Rica,2014-01-01,0.785,14300,80.1,0.8029999999999999,0.725,Americas
Costa Rica,2015-01-01,0.7859999999999999,14600,79.9,0.7959999999999999,0.685,Americas
Costa Rica,2016-01-01,0.789,15100,79.5,0.7879999999999999,0.7140000000000001,Americas
Costa Rica,2017-01-01,0.792,15400,79.5,0.7879999999999999,0.723,Americas
Costa Rica,2018-01-01,0.794,15700,79.7,0.807,0.7140000000000001,Americas
Cote d'Ivoire,2007-01-01,0.435,2650,55.5,0.33299999999999996,0.42,Africa
Cote d'Ivoire,2008-01-01,0.441,2660,56.3,0.327,0.42,Africa
Cote d'Ivoire,2009-01-01,0.44799999999999995,2680,57.0,0.314,0.42,Africa
Cote d'Ivoire,2010-01-01,0.45399999999999996,2670,57.4,0.302,0.4085,Africa
Cote d'Ivoire,2011-01-01,0.457,2500,58.0,0.308,0.397,Africa
Cote d'Ivoire,2012-01-01,0.467,2700,58.9,0.325,0.3855,Africa
Cote d'Ivoire,2013-01-01,0.475,2860,59.6,0.325,0.374,Africa
Cote d'Ivoire,2014-01-01,0.478,3040,60.2,0.353,0.35700000000000004,Africa
Cote d'Ivoire,2015-01-01,0.494,3230,61.0,0.331,0.445,Africa
Cote d'Ivoire,2016-01-01,0.508,3400,61.7,0.381,0.45399999999999996,Africa
Cote d'Ivoire,2017-01-01,0.512,3570,62.5,0.39299999999999996,0.504,Africa
Cote d'Ivoire,2018-01-01,0.516,3730,62.9,0.415,0.527,Africa
Croatia,2007-01-01,0.8009999999999999,22200,75.7,0.7040000000000001,0.5820000000000001,Europe
Croatia,2008-01-01,0.805,22700,75.8,0.7040000000000001,0.5625,Europe
Croatia,2009-01-01,0.804,21000,76.4,0.693,0.5429999999999999,Europe
Croatia,2010-01-01,0.8109999999999999,20800,76.8,0.6809999999999999,0.56,Europe
Croatia,2011-01-01,0.8170000000000001,20800,77.0,0.6729999999999999,0.539,Europe
Croatia,2012-01-01,0.82,20300,77.3,0.693,0.603,Europe
Croatia,2013-01-01,0.825,20300,77.8,0.693,0.589,Europe
Croatia,2014-01-01,0.8270000000000001,20400,77.8,0.693,0.5379999999999999,Europe
Croatia,2015-01-01,0.83,21000,77.6,0.693,0.521,Europe
Croatia,2016-01-01,0.8320000000000001,21900,78.3,0.675,0.542,Europe
Croatia,2017-01-01,0.835,22800,78.5,0.6629999999999999,0.534,Europe
Croatia,2018-01-01,0.8370000000000001,23600,78.7,0.657,0.5539999999999999,Europe
Czech Republic,2007-01-01,0.85,28800,77.0,0.818,0.65,Europe
Czech Republic,2008-01-01,0.8540000000000001,29400,77.2,0.8190000000000001,0.6416666666666667,Europe
Czech Republic,2009-01-01,0.857,27800,77.5,0.8190000000000001,0.6333333333333333,Europe
Czech Republic,2010-01-01,0.862,28400,77.7,0.8190000000000001,0.625,Europe
Czech Republic,2011-01-01,0.865,28800,77.9,0.8190000000000001,0.633,Europe
Czech Republic,2012-01-01,0.865,28500,78.1,0.8190000000000001,0.633,Europe
Czech Republic,2013-01-01,0.8740000000000001,28400,78.4,0.8059999999999999,0.67,Europe
Czech Republic,2014-01-01,0.879,29100,78.8,0.794,0.648,Europe
Czech Republic,2015-01-01,0.882,30600,78.8,0.794,0.6609999999999999,Europe
Czech Republic,2016-01-01,0.885,31300,79.0,0.782,0.674,Europe
Czech Republic,2017-01-01,0.888,32600,79.2,0.762,0.679,Europe
Czech Republic,2018-01-01,0.8909999999999999,33400,79.3,0.769,0.703,Europe
Denmark,2007-01-01,0.904,46400,78.4,0.9520000000000001,0.7829999999999999,Europe
Denmark,2008-01-01,0.909,45900,78.8,0.9520000000000001,0.797,Europe
Denmark,2009-01-01,0.9059999999999999,43400,79.0,0.9520000000000001,0.768,Europe
Denmark,2010-01-01,0.91,44000,79.3,0.9520000000000001,0.777,Europe
Denmark,2011-01-01,0.922,44400,79.8,0.9520000000000001,0.779,Europe
Denmark,2012-01-01,0.924,44300,80.1,0.9520000000000001,0.752,Europe
Denmark,2013-01-01,0.9259999999999999,44600,80.4,0.938,0.759,Europe
Denmark,2014-01-01,0.9279999999999999,45100,80.7,0.9109999999999999,0.7509999999999999,Europe
Denmark,2015-01-01,0.9259999999999999,45800,80.9,0.9109999999999999,0.7509999999999999,Europe
Denmark,2016-01-01,0.9279999999999999,46500,80.8,0.92,0.7559999999999999,Europe
Denmark,2017-01-01,0.929,47300,80.8,0.922,0.759,Europe
Denmark,2018-01-01,0.93,47700,80.9,0.922,0.765,Europe
Dominican Republic,2007-01-01,0.6890000000000001,10500,73.5,0.616,0.508,Americas
Dominican Republic,2008-01-01,0.6920000000000001,10700,73.8,0.62,0.484,Americas
Dominican Republic,2009-01-01,0.6940000000000001,10600,74.0,0.62,0.5429999999999999,Americas
Dominican Republic,2010-01-01,0.701,11400,74.0,0.62,0.474,Americas
Dominican Republic,2011-01-01,0.7040000000000001,11600,73.9,0.62,0.54,Americas
Dominican Republic,2012-01-01,0.708,11800,73.6,0.649,0.475,Americas
Dominican Republic,2013-01-01,0.7120000000000001,12200,73.2,0.674,0.502,Americas
Dominican Republic,2014-01-01,0.7240000000000001,13000,73.0,0.667,0.539,Americas
Dominican Republic,2015-01-01,0.733,13700,72.8,0.667,0.506,Americas
Dominican Republic,2016-01-01,0.738,14500,72.8,0.667,0.524,Americas
Dominican Republic,2017-01-01,0.741,15000,73.1,0.6659999999999999,0.561,Americas
Dominican Republic,2018-01-01,0.745,15800,73.3,0.654,0.5429999999999999,Americas
Ecuador,2007-01-01,0.706,8820,74.2,0.564,0.5,Americas
Ecuador,2008-01-01,0.711,9230,74.2,0.564,0.53,Americas
Ecuador,2009-01-01,0.7120000000000001,9130,74.5,0.57,0.602,Americas
Ecuador,2010-01-01,0.716,9310,74.7,0.5770000000000001,0.584,Americas
Ecuador,2011-01-01,0.742,9880,75.0,0.5720000000000001,0.58,Americas
Ecuador,2012-01-01,0.74,10300,75.4,0.578,0.596,Americas
Ecuador,2013-01-01,0.7509999999999999,10600,75.9,0.5870000000000001,0.602,Americas
Ecuador,2014-01-01,0.75,10900,76.3,0.5870000000000001,0.595,Americas
Ecuador,2015-01-01,0.758,10700,76.6,0.5870000000000001,0.596,Americas
Ecuador,2016-01-01,0.7559999999999999,10400,76.5,0.581,0.612,Americas
Ecuador,2017-01-01,0.757,10500,76.7,0.602,0.584,Americas
Ecuador,2018-01-01,0.758,10400,77.0,0.627,0.613,Americas
Egypt,2007-01-01,0.6509999999999999,8990,69.3,0.39,0.5539999999999999,Africa
Egypt,2008-01-01,0.659,9460,69.4,0.389,0.46299999999999997,Africa
Egypt,2009-01-01,0.66,9720,69.3,0.348,0.507,Africa
Egypt,2010-01-01,0.6659999999999999,10000,69.4,0.307,0.467,Africa
Egypt,2011-01-01,0.669,9980,69.6,0.395,0.41700000000000004,Africa
Egypt,2012-01-01,0.6759999999999999,9980,69.8,0.456,0.42,Africa
Egypt,2013-01-01,0.6809999999999999,9970,70.2,0.327,0.35600000000000004,Africa
Egypt,2014-01-01,0.6829999999999999,10000,70.5,0.316,0.489,Africa
Egypt,2015-01-01,0.69,10200,70.2,0.318,0.47600000000000003,Africa
Egypt,2016-01-01,0.695,10500,70.5,0.331,0.456,Africa
Egypt,2017-01-01,0.696,10700,70.6,0.336,0.39299999999999996,Africa
Egypt,2018-01-01,0.7,11000,70.8,0.336,0.401,Africa
El Salvador,2007-01-01,0.644,6200,72.4,0.631,0.53,Americas
El Salvador,2008-01-01,0.647,6310,73.0,0.64,0.519,Americas
El Salvador,2009-01-01,0.647,6150,72.8,0.643,0.684,Americas
El Salvador,2010-01-01,0.659,6280,73.4,0.647,0.674,Americas
El Salvador,2011-01-01,0.6559999999999999,6490,73.5,0.647,0.474,Americas
El Salvador,2012-01-01,0.66,6650,72.8,0.647,0.593,Americas
El Salvador,2013-01-01,0.662,6760,72.7,0.653,0.633,Americas
El Salvador,2014-01-01,0.66,6850,72.2,0.653,0.586,Americas
El Salvador,2015-01-01,0.66,6980,72.1,0.664,0.602,Americas
El Salvador,2016-01-01,0.662,7120,73.8,0.664,0.614,Americas
El Salvador,2017-01-01,0.665,7250,74.0,0.643,0.634,Americas
El Salvador,2018-01-01,0.667,7390,74.2,0.596,0.628,Americas
Ethiopia,2007-01-01,0.377,860,59.2,0.462,0.456,Africa
Ethiopia,2008-01-01,0.39399999999999996,928,60.5,0.452,0.456,Africa
Ethiopia,2009-01-01,0.402,982,61.7,0.41,0.456,Africa
Ethiopia,2010-01-01,0.41200000000000003,1080,62.9,0.368,0.456,Africa
Ethiopia,2011-01-01,0.423,1160,64.0,0.379,0.456,Africa
Ethiopia,2012-01-01,0.429,1230,65.0,0.37200000000000005,0.456,Africa
Ethiopia,2013-01-01,0.439,1320,65.8,0.38299999999999995,0.444,Africa
Ethiopia,2014-01-01,0.446,1410,66.6,0.37200000000000005,0.451,Africa
Ethiopia,2015-01-01,0.45299999999999996,1520,67.2,0.38299999999999995,0.457,Africa
Ethiopia,2016-01-01,0.46,1620,67.8,0.36,0.43,Africa
Ethiopia,2017-01-01,0.467,1720,68.4,0.342,0.418,Africa
Ethiopia,2018-01-01,0.47,1790,68.8,0.335,0.43799999999999994,Africa
Finland,2007-01-01,0.9009999999999999,42500,79.5,0.925,0.767,Europe
Finland,2008-01-01,0.904,42600,79.8,0.925,0.767,Europe
Finland,2009-01-01,0.899,38900,80.0,0.922,0.7530000000000001,Europe
Finland,2010-01-01,0.903,39800,80.2,0.919,0.7390000000000001,Europe
Finland,2011-01-01,0.907,40700,80.5,0.9059999999999999,0.735,Europe
Finland,2012-01-01,0.9079999999999999,39900,80.7,0.9059999999999999,0.742,Europe
Finland,2013-01-01,0.9159999999999999,39400,80.9,0.903,0.7440000000000001,Europe
Finland,2014-01-01,0.9179999999999999,39000,81.3,0.903,0.738,Europe
Finland,2015-01-01,0.919,39100,81.6,0.903,0.745,Europe
Finland,2016-01-01,0.922,40100,81.5,0.903,0.7659999999999999,Europe
Finland,2017-01-01,0.924,41000,81.4,0.903,0.779,Europe
Finland,2018-01-01,0.925,41900,81.6,0.914,0.7859999999999999,Europe
France,2007-01-01,0.867,37700,81.0,0.807,0.701,Europe
France,2008-01-01,0.8690000000000001,37600,81.1,0.807,0.701,Europe
France,2009-01-01,0.8690000000000001,36300,81.2,0.792,0.628,Europe
France,2010-01-01,0.872,36800,81.4,0.777,0.68,Europe
France,2011-01-01,0.8759999999999999,37400,81.6,0.777,0.696,Europe
France,2012-01-01,0.878,37400,81.8,0.7879999999999999,0.665,Europe
France,2013-01-01,0.882,37400,82.1,0.792,0.667,Europe
France,2014-01-01,0.887,37600,82.5,0.804,0.647,Europe
France,2015-01-01,0.888,37800,82.5,0.792,0.636,Europe
France,2016-01-01,0.887,38100,82.8,0.792,0.648,Europe
France,2017-01-01,0.89,39000,82.8,0.78,0.664,Europe
France,2018-01-01,0.8909999999999999,39600,83.0,0.78,0.667,Europe
Gabon,2007-01-01,0.643,16500,60.6,0.28600000000000003,0.426,Africa
Gabon,2008-01-01,0.645,15500,61.2,0.3,0.426,Africa
Gabon,2009-01-01,0.653,15000,61.9,0.314,0.426,Africa
Gabon,2010-01-01,0.6579999999999999,15500,62.8,0.32899999999999996,0.426,Africa
Gabon,2011-01-01,0.6629999999999999,16000,63.5,0.348,0.426,Africa
Gabon,2012-01-01,0.672,16200,64.3,0.35600000000000004,0.397,Africa
Gabon,2013-01-01,0.679,16500,65.3,0.376,0.38,Africa
Gabon,2014-01-01,0.688,16600,66.2,0.376,0.392,Africa
Gabon,2015-01-01,0.6920000000000001,16700,67.0,0.376,0.466,Africa
Gabon,2016-01-01,0.696,16500,67.7,0.374,0.483,Africa
Gabon,2017-01-01,0.7,16100,68.4,0.361,0.478,Africa
Gabon,2018-01-01,0.7020000000000001,15900,68.8,0.361,0.478,Africa
Germany,2007-01-01,0.914,40500,80.1,0.882,0.642,Europe
Germany,2008-01-01,0.9159999999999999,41000,80.2,0.882,0.652,Europe
Germany,2009-01-01,0.9159999999999999,38800,80.3,0.86,0.664,Europe
Germany,2010-01-01,0.92,40400,80.4,0.838,0.672,Europe
Germany,2011-01-01,0.925,42700,80.5,0.8340000000000001,0.662,Europe
Germany,2012-01-01,0.927,42800,80.7,0.8340000000000001,0.67,Europe
Germany,2013-01-01,0.927,42900,80.6,0.831,0.6970000000000001,Europe
Germany,2014-01-01,0.93,43700,80.9,0.8640000000000001,0.698,Europe
Germany,2015-01-01,0.9329999999999999,44000,80.7,0.8640000000000001,0.7040000000000001,Europe
Germany,2016-01-01,0.9359999999999999,44700,80.5,0.863,0.687,Europe
Germany,2017-01-01,0.938,45500,80.6,0.861,0.7070000000000001,Europe
Germany,2018-01-01,0.9390000000000001,46000,80.8,0.868,0.7120000000000001,Europe
Ghana,2007-01-01,0.529,2650,60.4,0.535,0.522,Africa
Ghana,2008-01-01,0.542,2810,60.8,0.535,0.49700000000000005,Africa
Ghana,2009-01-01,0.547,2880,61.2,0.569,0.42,Africa
Ghana,2010-01-01,0.5539999999999999,3030,61.6,0.602,0.461,Africa
Ghana,2011-01-01,0.563,3370,62.3,0.602,0.561,Africa
Ghana,2012-01-01,0.57,3600,63.0,0.602,0.506,Africa
Ghana,2013-01-01,0.578,3770,63.6,0.633,0.49700000000000005,Africa
Ghana,2014-01-01,0.5770000000000001,3790,64.0,0.633,0.386,Africa
Ghana,2015-01-01,0.585,3790,64.4,0.6859999999999999,0.39899999999999997,Africa
Ghana,2016-01-01,0.5870000000000001,3830,64.8,0.675,0.451,Africa
Ghana,2017-01-01,0.591,4050,65.5,0.669,0.5479999999999999,Africa
Ghana,2018-01-01,0.596,4210,65.8,0.6629999999999999,0.5479999999999999,Africa
Greece,2007-01-01,0.8490000000000001,32100,79.4,0.813,0.665,Europe
Greece,2008-01-01,0.857,31900,79.8,0.813,0.6345000000000001,Europe
Greece,2009-01-01,0.8590000000000001,30400,80.0,0.8029999999999999,0.604,Europe
Greece,2010-01-01,0.857,28700,80.3,0.792,0.584,Europe
Greece,2011-01-01,0.853,26100,80.3,0.765,0.537,Europe
Greece,2012-01-01,0.856,24400,80.3,0.765,0.51,Europe
Greece,2013-01-01,0.858,23700,80.8,0.765,0.47200000000000003,Europe
Greece,2014-01-01,0.866,24100,81.0,0.745,0.47600000000000003,Europe
Greece,2015-01-01,0.868,24100,80.8,0.745,0.562,Europe
Greece,2016-01-01,0.866,24200,80.9,0.723,0.53,Europe
Greece,2017-01-01,0.871,24600,81.0,0.7290000000000001,0.515,Europe
Greece,2018-01-01,0.872,25100,81.2,0.7290000000000001,0.541,Europe
Guatemala,2007-01-01,0.588,6710,70.9,0.607,0.633,Americas
Guatemala,2008-01-01,0.594,6780,71.4,0.607,0.6409999999999999,Americas
Guatemala,2009-01-01,0.597,6670,71.3,0.606,0.645,Americas
Guatemala,2010-01-01,0.602,6710,71.7,0.605,0.629,Americas
Guatemala,2011-01-01,0.607,6850,72.1,0.588,0.574,Americas
Guatemala,2012-01-01,0.613,6900,72.5,0.588,0.586,Americas
Guatemala,2013-01-01,0.616,7010,72.8,0.581,0.598,Americas
Guatemala,2014-01-01,0.643,7150,72.8,0.581,0.654,Americas
Guatemala,2015-01-01,0.647,7290,72.9,0.5920000000000001,0.6459999999999999,Americas
Guatemala,2016-01-01,0.648,7370,72.6,0.5920000000000001,0.636,Americas
Guatemala,2017-01-01,0.649,7420,72.6,0.586,0.633,Americas
Guatemala,2018-01-01,0.6509999999999999,7510,72.9,0.56,0.6629999999999999,Americas
Guinea,2007-01-01,0.39299999999999996,1650,56.3,0.20600000000000002,0.40399999999999997,Africa
Guinea,2008-01-01,0.4,1680,56.7,0.209,0.40399999999999997,Africa
Guinea,2009-01-01,0.4,1630,56.9,0.244,0.40399999999999997,Africa
Guinea,2010-01-01,0.408,1670,57.4,0.27899999999999997,0.40399999999999997,Africa
Guinea,2011-01-01,0.42100000000000004,1720,57.9,0.27899999999999997,0.40399999999999997,Africa
Guinea,2012-01-01,0.431,1780,58.3,0.27899999999999997,0.365,Africa
Guinea,2013-01-01,0.439,1810,58.6,0.284,0.39,Africa
Guinea,2014-01-01,0.446,1840,58.3,0.301,0.341,Africa
Guinea,2015-01-01,0.449,1860,59.2,0.314,0.35,Africa
Guinea,2016-01-01,0.456,2010,60.1,0.314,0.36,Africa
Guinea,2017-01-01,0.46299999999999997,2210,60.7,0.314,0.48700000000000004,Africa
Guinea,2018-01-01,0.466,2340,61.2,0.314,0.525,Africa
Haiti,2007-01-01,0.46,1610,60.6,0.419,0.385,Americas
Haiti,2008-01-01,0.46299999999999997,1600,60.9,0.419,0.385,Americas
Haiti,2009-01-01,0.46799999999999997,1620,61.5,0.41,0.381,Americas
Haiti,2010-01-01,0.467,1510,32.5,0.4,0.377,Americas
Haiti,2011-01-01,0.474,1570,61.6,0.4,0.484,Americas
Haiti,2012-01-01,0.478,1590,62.5,0.396,0.441,Americas
Haiti,2013-01-01,0.483,1630,63.1,0.39399999999999996,0.462,Americas
Haiti,2014-01-01,0.488,1660,63.6,0.382,0.389,Americas
Haiti,2015-01-01,0.49200000000000005,1650,64.0,0.39399999999999996,0.35700000000000004,Americas
Haiti,2016-01-01,0.49700000000000005,1660,64.3,0.402,0.335,Americas
Haiti,2017-01-01,0.501,1650,65.0,0.40299999999999997,0.382,Americas
Haiti,2018-01-01,0.503,1660,65.3,0.491,0.361,Americas
Honduras,2007-01-01,0.595,3950,72.2,0.621,0.51,Americas
Honduras,2008-01-01,0.591,4030,72.5,0.618,0.542,Americas
Honduras,2009-01-01,0.593,3850,72.7,0.597,0.603,Americas
Honduras,2010-01-01,0.598,3910,72.8,0.5760000000000001,0.5870000000000001,Americas
Honduras,2011-01-01,0.601,3980,73.1,0.584,0.496,Americas
Honduras,2012-01-01,0.6,4070,71.7,0.584,0.46,Americas
Honduras,2013-01-01,0.603,4110,72.1,0.584,0.47100000000000003,Americas
Honduras,2014-01-01,0.606,4160,72.1,0.584,0.506,Americas
Honduras,2015-01-01,0.613,4250,72.1,0.584,0.485,Americas
Honduras,2016-01-01,0.618,4340,73.8,0.5920000000000001,0.565,Americas
Honduras,2017-01-01,0.621,4470,74.0,0.5720000000000001,0.602,Americas
Honduras,2018-01-01,0.623,4560,74.2,0.563,0.591,Americas
Hungary,2007-01-01,0.8140000000000001,23500,73.5,0.748,0.495,Europe
Hungary,2008-01-01,0.818,23700,74.0,0.7440000000000001,0.492,Europe
Hungary,2009-01-01,0.823,22200,74.2,0.733,0.489,Europe
Hungary,2010-01-01,0.826,22400,74.6,0.721,0.473,Europe
Hungary,2011-01-01,0.823,22800,74.9,0.7040000000000001,0.49200000000000005,Europe
Hungary,2012-01-01,0.826,22600,75.2,0.696,0.46799999999999997,Europe
Hungary,2013-01-01,0.835,23100,75.7,0.696,0.491,Europe
Hungary,2014-01-01,0.833,24200,76.0,0.69,0.518,Europe
Hungary,2015-01-01,0.835,25100,75.5,0.684,0.534,Europe
Hungary,2016-01-01,0.838,25700,76.4,0.672,0.545,Europe
Hungary,2017-01-01,0.841,26900,76.8,0.664,0.607,Europe
Hungary,2018-01-01,0.845,28200,77.0,0.6629999999999999,0.607,Europe
Iceland,2007-01-01,0.899,44600,81.9,0.968,0.6890000000000001,Europe
Iceland,2008-01-01,0.892,44700,82.0,0.965,0.6890000000000001,Europe
Iceland,2009-01-01,0.8909999999999999,41500,82.1,0.965,0.7065,Europe
Iceland,2010-01-01,0.892,40100,82.4,0.965,0.724,Europe
Iceland,2011-01-01,0.9009999999999999,40800,82.6,0.965,0.7415,Europe
Iceland,2012-01-01,0.9079999999999999,41100,82.6,0.965,0.759,Europe
Iceland,2013-01-01,0.92,42400,82.7,0.965,0.75,Europe
Iceland,2014-01-01,0.924,42800,82.7,0.958,0.75,Europe
Iceland,2015-01-01,0.927,44200,82.7,0.958,0.75,Europe
Iceland,2016-01-01,0.932,46800,82.7,0.95,0.7509999999999999,Europe
Iceland,2017-01-01,0.935,47800,82.8,0.958,0.748,Europe
Iceland,2018-01-01,0.938,48600,82.9,0.958,0.748,Europe
India,2007-01-01,0.5579999999999999,3850,66.0,0.774,0.503,Asia
India,2008-01-01,0.565,3910,66.2,0.78,0.515,Asia
India,2009-01-01,0.5710000000000001,4160,66.5,0.754,0.452,Asia
India,2010-01-01,0.581,4450,66.7,0.728,0.499,Asia
India,2011-01-01,0.59,4630,66.9,0.73,0.46299999999999997,Asia
India,2012-01-01,0.6,4820,67.3,0.752,0.47200000000000003,Asia
India,2013-01-01,0.607,5070,67.7,0.769,0.44299999999999995,Asia
India,2014-01-01,0.618,5380,68.1,0.792,0.442,Asia
India,2015-01-01,0.627,5740,68.4,0.774,0.434,Asia
India,2016-01-01,0.637,6150,68.6,0.7809999999999999,0.418,Asia
India,2017-01-01,0.643,6520,69.0,0.723,0.405,Asia
India,2018-01-01,0.647,6900,69.2,0.723,0.382,Asia
Indonesia,2007-01-01,0.644,7470,69.0,0.638,0.51,Asia
Indonesia,2008-01-01,0.648,7820,69.2,0.634,0.48200000000000004,Asia
Indonesia,2009-01-01,0.659,8070,69.4,0.643,0.547,Asia
Indonesia,2010-01-01,0.6659999999999999,8460,69.7,0.653,0.546,Asia
Indonesia,2011-01-01,0.674,8860,70.0,0.653,0.517,Asia
Indonesia,2012-01-01,0.682,9270,70.3,0.6759999999999999,0.537,Asia
Indonesia,2013-01-01,0.688,9650,70.5,0.682,0.529,Asia
Indonesia,2014-01-01,0.691,10000,70.8,0.695,0.56,Asia
Indonesia,2015-01-01,0.696,10400,71.0,0.703,0.504,Asia
Indonesia,2016-01-01,0.7,10700,71.2,0.6970000000000001,0.514,Asia
Indonesia,2017-01-01,0.7040000000000001,11200,71.5,0.639,0.51,Asia
Indonesia,2018-01-01,0.7070000000000001,11600,71.7,0.639,0.534,Asia
Iran,2007-01-01,0.736,17500,74.7,0.28800000000000003,0.534,Asia
Iran,2008-01-01,0.741,17400,74.9,0.28300000000000003,0.513,Asia
Iran,2009-01-01,0.747,17300,75.0,0.239,0.501,Asia
Iran,2010-01-01,0.7559999999999999,18100,75.2,0.19399999999999998,0.48900000000000005,Asia
Iran,2011-01-01,0.767,18400,75.4,0.198,0.47700000000000004,Asia
Iran,2012-01-01,0.782,16800,75.7,0.198,0.461,Asia
Iran,2013-01-01,0.785,16600,75.9,0.198,0.514,Asia
Iran,2014-01-01,0.7879999999999999,17100,76.2,0.198,0.46799999999999997,Asia
Iran,2015-01-01,0.789,16700,76.5,0.21600000000000003,0.475,Asia
Iran,2016-01-01,0.799,18700,77.0,0.23399999999999999,0.465,Asia
Iran,2017-01-01,0.799,19100,77.3,0.245,0.47200000000000003,Asia
Iran,2018-01-01,0.797,18000,77.6,0.245,0.428,Asia
Iraq,2007-01-01,0.639,11800,69.2,0.4,0.45899999999999996,Asia
Iraq,2008-01-01,0.6459999999999999,12500,71.6,0.4,0.45899999999999996,Asia
Iraq,2009-01-01,0.648,12700,72.7,0.4,0.478,Asia
Iraq,2010-01-01,0.652,13200,73.5,0.4,0.507,Asia
Iraq,2011-01-01,0.6579999999999999,13700,74.5,0.40299999999999997,0.473,Asia
Iraq,2012-01-01,0.662,15000,75.3,0.41,0.466,Asia
Iraq,2013-01-01,0.662,15600,75.2,0.41,0.473,Asia
Iraq,2014-01-01,0.662,15100,74.8,0.423,0.45399999999999996,Asia
Iraq,2015-01-01,0.665,15000,76.3,0.408,0.449,Asia
Iraq,2016-01-01,0.672,16500,76.7,0.408,0.441,Asia
Iraq,2017-01-01,0.684,15800,76.7,0.409,0.446,Asia
Iraq,2018-01-01,0.6890000000000001,15600,76.9,0.406,0.446,Asia
Ireland,2007-01-01,0.899,48700,79.6,0.9009999999999999,0.757,Europe
Ireland,2008-01-01,0.9,45700,79.7,0.9009999999999999,0.757,Europe
Ireland,2009-01-01,0.8959999999999999,42900,79.8,0.89,0.705,Europe
Ireland,2010-01-01,0.89,43500,80.7,0.879,0.726,Europe
Ireland,2011-01-01,0.894,44900,80.8,0.856,0.701,Europe
Ireland,2012-01-01,0.899,44800,80.8,0.856,0.696,Europe
Ireland,2013-01-01,0.9079999999999999,45200,81.1,0.868,0.6759999999999999,Europe
Ireland,2014-01-01,0.92,48800,81.4,0.872,0.7020000000000001,Europe
Ireland,2015-01-01,0.9259999999999999,60500,81.6,0.885,0.6829999999999999,Europe
Ireland,2016-01-01,0.9359999999999999,62800,81.8,0.915,0.7040000000000001,Europe
Ireland,2017-01-01,0.9390000000000001,66600,81.8,0.915,0.706,Europe
Ireland,2018-01-01,0.9420000000000001,70400,82.1,0.915,0.696,Europe
Israel,2007-01-01,0.8809999999999999,28700,80.6,0.738,0.684,Asia
Israel,2008-01-01,0.88,29000,80.9,0.748,0.726,Asia
Israel,2009-01-01,0.882,28600,81.3,0.748,0.735,Asia
Israel,2010-01-01,0.887,29700,81.8,0.748,0.736,Asia
Israel,2011-01-01,0.892,30600,81.9,0.753,0.743,Asia
Israel,2012-01-01,0.893,30600,82.2,0.753,0.711,Asia
Israel,2013-01-01,0.895,31300,82.4,0.753,0.732,Asia
Israel,2014-01-01,0.9,31900,81.9,0.763,0.74,Asia
Israel,2015-01-01,0.9009999999999999,32100,82.6,0.777,0.708,Asia
Israel,2016-01-01,0.902,32700,82.9,0.785,0.716,Asia
Israel,2017-01-01,0.904,33200,83.0,0.779,0.733,Asia
Israel,2018-01-01,0.9059999999999999,33700,83.1,0.779,0.693,Asia
Italy,2007-01-01,0.866,38600,81.4,0.785,0.657,Europe
Italy,2008-01-01,0.868,38000,81.5,0.7979999999999999,0.6779999999999999,Europe
Italy,2009-01-01,0.868,35700,81.7,0.79,0.633,Europe
Italy,2010-01-01,0.871,36200,82.0,0.7829999999999999,0.635,Europe
Italy,2011-01-01,0.875,36300,82.1,0.774,0.606,Europe
Italy,2012-01-01,0.8740000000000001,35200,82.2,0.774,0.584,Europe
Italy,2013-01-01,0.873,34200,82.5,0.785,0.601,Europe
Italy,2014-01-01,0.8740000000000001,33900,82.7,0.785,0.603,Europe
Italy,2015-01-01,0.875,34300,82.6,0.7979999999999999,0.585,Europe
Italy,2016-01-01,0.878,34700,83.0,0.7979999999999999,0.595,Europe
Italy,2017-01-01,0.8809999999999999,35400,83.2,0.7979999999999999,0.62,Europe
Italy,2018-01-01,0.883,35700,83.3,0.7709999999999999,0.652,Europe
Japan,2007-01-01,0.88,36700,82.8,0.82,0.624,Asia
Japan,2008-01-01,0.8809999999999999,36300,82.9,0.825,0.591,Asia
Japan,2009-01-01,0.88,34300,83.1,0.8170000000000001,0.584,Asia
Japan,2010-01-01,0.885,35800,83.1,0.8079999999999999,0.606,Asia
Japan,2011-01-01,0.89,35800,82.9,0.8079999999999999,0.626,Asia
Japan,2012-01-01,0.895,36400,83.4,0.8079999999999999,0.597,Asia
Japan,2013-01-01,0.9,37100,83.6,0.8079999999999999,0.596,Asia
Japan,2014-01-01,0.904,37300,83.8,0.8079999999999999,0.5920000000000001,Asia
Japan,2015-01-01,0.9059999999999999,37800,84.1,0.7959999999999999,0.588,Asia
Japan,2016-01-01,0.91,38100,84.2,0.799,0.595,Asia
Japan,2017-01-01,0.9129999999999999,38900,84.2,0.7879999999999999,0.591,Asia
Japan,2018-01-01,0.915,39300,84.4,0.799,0.579,Asia
Jordan,2007-01-01,0.735,9420,75.8,0.39299999999999996,0.56,Asia
Jordan,2008-01-01,0.736,9630,76.6,0.39299999999999996,0.493,Asia
Jordan,2009-01-01,0.7340000000000001,9660,77.2,0.384,0.6,Asia
Jordan,2010-01-01,0.728,9390,77.6,0.374,0.557,Asia
Jordan,2011-01-01,0.725,9120,78.0,0.389,0.5539999999999999,Asia
Jordan,2012-01-01,0.726,8870,78.4,0.376,0.513,Asia
Jordan,2013-01-01,0.72,8660,78.7,0.376,0.517,Asia
Jordan,2014-01-01,0.72,8530,78.9,0.376,0.5329999999999999,Asia
Jordan,2015-01-01,0.721,8410,79.1,0.386,0.54,Asia
Jordan,2016-01-01,0.722,8320,79.2,0.396,0.527,Asia
Jordan,2017-01-01,0.722,8300,79.3,0.387,0.48100000000000004,Asia
Jordan,2018-01-01,0.723,8310,79.5,0.39299999999999996,0.46399999999999997,Asia
Kenya,2007-01-01,0.507,2360,58.4,0.494,0.45799999999999996,Africa
Kenya,2008-01-01,0.515,2300,59.3,0.479,0.402,Africa
Kenya,2009-01-01,0.524,2310,60.2,0.475,0.42700000000000005,Africa
Kenya,2010-01-01,0.5329999999999999,2440,61.2,0.47100000000000003,0.426,Africa
Kenya,2011-01-01,0.54,2520,62.1,0.47100000000000003,0.441,Africa
Kenya,2012-01-01,0.545,2560,62.9,0.47100000000000003,0.455,Africa
Kenya,2013-01-01,0.551,2640,63.5,0.513,0.38,Africa
Kenya,2014-01-01,0.556,2710,64.1,0.513,0.49,Africa
Kenya,2015-01-01,0.562,2800,64.7,0.5329999999999999,0.436,Africa
Kenya,2016-01-01,0.568,2890,65.3,0.5329999999999999,0.44,Africa
Kenya,2017-01-01,0.574,2960,65.9,0.511,0.44799999999999995,Africa
Kenya,2018-01-01,0.579,3080,66.3,0.511,0.466,Africa
Kuwait,2007-01-01,0.789,96800,79.5,0.324,0.659,Asia
Kuwait,2008-01-01,0.79,93600,79.6,0.33899999999999997,0.659,Asia
Kuwait,2009-01-01,0.792,81900,80.2,0.364,0.659,Asia
Kuwait,2010-01-01,0.794,75400,81.2,0.38799999999999996,0.68,Asia
Kuwait,2011-01-01,0.7959999999999999,78000,82.0,0.374,0.638,Asia
Kuwait,2012-01-01,0.8,78700,82.2,0.37799999999999995,0.622,Asia
Kuwait,2013-01-01,0.7979999999999999,75600,82.5,0.37799999999999995,0.648,Asia
Kuwait,2014-01-01,0.8,72600,82.8,0.37799999999999995,0.618,Asia
Kuwait,2015-01-01,0.807,70300,82.9,0.385,0.615,Asia
Kuwait,2016-01-01,0.809,70100,83.1,0.385,0.595,Asia
Kuwait,2017-01-01,0.809,66000,83.1,0.385,0.609,Asia
Kuwait,2018-01-01,0.8079999999999999,65500,83.2,0.385,0.609,Asia
Lebanon,2007-01-01,0.736,11500,76.6,0.5720000000000001,0.45899999999999996,Asia
Lebanon,2008-01-01,0.742,12600,76.7,0.562,0.45899999999999996,Asia
Lebanon,2009-01-01,0.7490000000000001,13700,77.0,0.5720000000000001,0.521,Asia
Lebanon,2010-01-01,0.7509999999999999,14400,77.2,0.5820000000000001,0.503,Asia
Lebanon,2011-01-01,0.753,13800,77.3,0.532,0.519,Asia
Lebanon,2012-01-01,0.7440000000000001,13400,77.5,0.505,0.457,Asia
Lebanon,2013-01-01,0.741,12800,77.5,0.505,0.498,Asia
Lebanon,2014-01-01,0.732,12300,77.7,0.512,0.523,Asia
Lebanon,2015-01-01,0.728,11900,77.8,0.486,0.517,Asia
Lebanon,2016-01-01,0.725,11800,78.0,0.486,0.527,Asia
Lebanon,2017-01-01,0.732,11600,78.0,0.47200000000000003,0.515,Asia
Lebanon,2018-01-01,0.73,11600,78.0,0.46299999999999997,0.517,Asia
Liberia,2007-01-01,0.431,1030,60.0,0.524,0.37,Africa
Liberia,2008-01-01,0.436,1060,60.5,0.525,0.42200000000000004,Africa
Liberia,2009-01-01,0.43799999999999994,1080,60.9,0.516,0.42100000000000004,Africa
Liberia,2010-01-01,0.441,1100,61.3,0.507,0.42,Africa
Liberia,2011-01-01,0.457,1150,61.8,0.507,0.42925,Africa
Liberia,2012-01-01,0.455,1210,62.3,0.495,0.4385,Africa
Liberia,2013-01-01,0.46299999999999997,1280,62.8,0.495,0.44775,Africa
Liberia,2014-01-01,0.46399999999999997,1260,59.5,0.495,0.457,Africa
Liberia,2015-01-01,0.46299999999999997,1230,62.0,0.495,0.27,Africa
Liberia,2016-01-01,0.46299999999999997,1180,63.9,0.531,0.335,Africa
Liberia,2017-01-01,0.466,1180,64.4,0.523,0.442,Africa
Liberia,2018-01-01,0.465,1160,64.8,0.535,0.413,Africa
Madagascar,2007-01-01,0.491,1460,61.4,0.57,0.46399999999999997,Africa
Madagascar,2008-01-01,0.5,1520,61.5,0.557,0.46399999999999997,Africa
Madagascar,2009-01-01,0.503,1420,61.5,0.475,0.4553333333333333,Africa
Madagascar,2010-01-01,0.504,1390,61.7,0.39399999999999996,0.4466666666666666,Africa
Madagascar,2011-01-01,0.504,1370,61.9,0.39299999999999996,0.43799999999999994,Africa
Madagascar,2012-01-01,0.507,1370,62.1,0.39299999999999996,0.355,Africa
Madagascar,2013-01-01,0.509,1360,62.4,0.43200000000000005,0.382,Africa
Madagascar,2014-01-01,0.512,1370,62.6,0.442,0.368,Africa
Madagascar,2015-01-01,0.514,1380,63.0,0.485,0.359,Africa
Madagascar,2016-01-01,0.515,1400,63.2,0.507,0.366,Africa
Madagascar,2017-01-01,0.518,1420,63.5,0.511,0.408,Africa
Madagascar,2018-01-01,0.521,1450,63.9,0.522,0.40700000000000003,Africa
Malawi,2007-01-01,0.39399999999999996,942,49.7,0.505,0.489,Africa
Malawi,2008-01-01,0.41100000000000003,986,51.1,0.513,0.502,Africa
Malawi,2009-01-01,0.426,1040,52.5,0.5489999999999999,0.515,Africa
Malawi,2010-01-01,0.43700000000000006,1080,54.2,0.584,0.455,Africa
Malawi,2011-01-01,0.447,1100,56.1,0.584,0.395,Africa
Malawi,2012-01-01,0.452,1090,58.0,0.608,0.428,Africa
Malawi,2013-01-01,0.46299999999999997,1110,59.6,0.6,0.40399999999999997,Africa
Malawi,2014-01-01,0.47200000000000003,1140,60.9,0.5660000000000001,0.456,Africa
Malawi,2015-01-01,0.475,1140,61.7,0.555,0.387,Africa
Malawi,2016-01-01,0.478,1140,62.4,0.555,0.348,Africa
Malawi,2017-01-01,0.48200000000000004,1150,63.2,0.5489999999999999,0.342,Africa
Malawi,2018-01-01,0.485,1160,63.7,0.5489999999999999,0.33299999999999996,Africa
Malaysia,2007-01-01,0.7509999999999999,20000,74.5,0.617,0.624,Asia
Malaysia,2008-01-01,0.762,20600,74.3,0.636,0.581,Asia
Malaysia,2009-01-01,0.7659999999999999,19900,74.1,0.628,0.5379999999999999,Asia
Malaysia,2010-01-01,0.773,21000,74.4,0.619,0.5579999999999999,Asia
Malaysia,2011-01-01,0.779,21800,74.9,0.619,0.579,Asia
Malaysia,2012-01-01,0.782,22700,74.9,0.6409999999999999,0.591,Asia
Malaysia,2013-01-01,0.787,23400,75.0,0.649,0.5770000000000001,Asia
Malaysia,2014-01-01,0.792,24500,74.6,0.649,0.596,Asia
Malaysia,2015-01-01,0.797,25400,74.6,0.643,0.632,Asia
Malaysia,2016-01-01,0.8009999999999999,26100,74.7,0.654,0.5993333333333334,Asia
Malaysia,2017-01-01,0.802,27300,74.7,0.654,0.5666666666666667,Asia
Malaysia,2018-01-01,0.804,28200,74.9,0.688,0.534,Asia
Mali,2007-01-01,0.36700000000000005,1790,57.8,0.593,0.41100000000000003,Africa
Mali,2008-01-01,0.39,1810,58.4,0.5870000000000001,0.41100000000000003,Africa
Mali,2009-01-01,0.39799999999999996,1840,59.0,0.594,0.39799999999999996,Africa
Mali,2010-01-01,0.40299999999999997,1880,59.4,0.601,0.376,Africa
Mali,2011-01-01,0.408,1880,59.9,0.636,0.467,Africa
Mali,2012-01-01,0.408,1810,60.2,0.512,0.431,Africa
Mali,2013-01-01,0.408,1800,60.3,0.59,0.368,Africa
Mali,2014-01-01,0.414,1870,60.8,0.579,0.397,Africa
Mali,2015-01-01,0.41200000000000003,1920,61.1,0.57,0.45799999999999996,Africa
Mali,2016-01-01,0.42,1970,61.6,0.57,0.402,Africa
Mali,2017-01-01,0.426,2020,62.0,0.564,0.474,Africa
Mali,2018-01-01,0.42700000000000005,2060,62.4,0.541,0.442,Africa
Mauritania,2007-01-01,0.479,3570,66.9,0.35100000000000003,0.415,Africa
Mauritania,2008-01-01,0.48,3500,67.4,0.391,0.425,Africa
Mauritania,2009-01-01,0.48700000000000004,3370,67.8,0.389,0.45,Africa
Mauritania,2010-01-01,0.49,3430,68.2,0.386,0.47700000000000004,Africa
Mauritania,2011-01-01,0.494,3480,68.6,0.41700000000000004,0.478,Africa
Mauritania,2012-01-01,0.503,3580,69.0,0.41700000000000004,0.467,Africa
Mauritania,2013-01-01,0.511,3690,69.3,0.41700000000000004,0.42,Africa
Mauritania,2014-01-01,0.518,3780,69.6,0.41700000000000004,0.44799999999999995,Africa
Mauritania,2015-01-01,0.521,3720,69.9,0.396,0.392,Africa
Mauritania,2016-01-01,0.519,3690,70.2,0.396,0.447,Africa
Mauritania,2017-01-01,0.524,3700,70.5,0.382,0.46799999999999997,Africa
Mauritania,2018-01-01,0.527,3720,70.8,0.382,0.431,Africa
Mexico,2007-01-01,0.738,16800,75.9,0.6729999999999999,0.653,Americas
Mexico,2008-01-01,0.74,16700,75.5,0.6779999999999999,0.6829999999999999,Americas
Mexico,2009-01-01,0.7390000000000001,15600,75.2,0.685,0.696,Americas
Mexico,2010-01-01,0.7390000000000001,16200,75.2,0.693,0.68,Americas
Mexico,2011-01-01,0.746,16500,75.5,0.693,0.691,Americas
Mexico,2012-01-01,0.752,16900,75.6,0.69,0.732,Americas
Mexico,2013-01-01,0.75,16900,75.7,0.691,0.7440000000000001,Americas
Mexico,2014-01-01,0.754,17200,75.8,0.6679999999999999,0.6679999999999999,Americas
Mexico,2015-01-01,0.759,17500,75.9,0.655,0.624,Americas
Mexico,2016-01-01,0.764,17800,75.9,0.647,0.682,Americas
Mexico,2017-01-01,0.765,17900,75.5,0.6409999999999999,0.6409999999999999,Americas
Mexico,2018-01-01,0.767,18100,75.6,0.619,0.655,Americas
Mongolia,2007-01-01,0.6709999999999999,7050,65.0,0.66,0.461,Asia
Mongolia,2008-01-01,0.682,7570,65.5,0.66,0.449,Asia
Mongolia,2009-01-01,0.688,7350,65.6,0.648,0.45399999999999996,Asia
Mongolia,2010-01-01,0.6970000000000001,7690,66.0,0.636,0.45899999999999996,Asia
Mongolia,2011-01-01,0.711,8850,66.7,0.623,0.503,Asia
Mongolia,2012-01-01,0.7190000000000001,9750,67.2,0.635,0.489,Asia
Mongolia,2013-01-01,0.728,10700,67.8,0.6509999999999999,0.491,Asia
Mongolia,2014-01-01,0.733,11300,68.3,0.662,0.48200000000000004,Asia
Mongolia,2015-01-01,0.736,11300,68.6,0.662,0.498,Asia
Mongolia,2016-01-01,0.73,11200,68.8,0.662,0.506,Asia
Mongolia,2017-01-01,0.7290000000000001,11600,68.9,0.65,0.5329999999999999,Asia
Mongolia,2018-01-01,0.735,12200,69.1,0.65,0.546,Asia
Montenegro,2007-01-01,0.775,13600,75.0,0.65,0.52,Europe
Montenegro,2008-01-01,0.785,14600,75.3,0.643,0.5,Europe
Montenegro,2009-01-01,0.787,13700,75.7,0.635,0.48,Europe
Montenegro,2010-01-01,0.7929999999999999,14000,76.0,0.627,0.546,Europe
Montenegro,2011-01-01,0.797,14500,76.1,0.615,0.522,Europe
Montenegro,2012-01-01,0.7979999999999999,14100,76.2,0.605,0.522,Europe
Montenegro,2013-01-01,0.8009999999999999,14600,76.2,0.594,0.507,Europe
Montenegro,2014-01-01,0.8029999999999999,14800,76.3,0.594,0.528,Europe
Montenegro,2015-01-01,0.807,15300,76.4,0.601,0.512,Europe
Montenegro,2016-01-01,0.809,15700,76.4,0.5720000000000001,0.53,Europe
Montenegro,2017-01-01,0.813,16500,76.5,0.569,0.561,Europe
Montenegro,2018-01-01,0.816,17300,76.6,0.574,0.565,Europe
Morocco,2007-01-01,0.596,5850,71.4,0.389,0.43799999999999994,Africa
Morocco,2008-01-01,0.603,6120,71.6,0.38799999999999996,0.43799999999999994,Africa
Morocco,2009-01-01,0.609,6300,71.9,0.384,0.43799999999999994,Africa
Morocco,2010-01-01,0.618,6460,72.1,0.379,0.43799999999999994,Africa
Morocco,2011-01-01,0.627,6700,72.3,0.38299999999999995,0.508,Africa
Morocco,2012-01-01,0.636,6810,72.6,0.40700000000000003,0.49700000000000005,Africa
Morocco,2013-01-01,0.6459999999999999,7020,72.9,0.40700000000000003,0.514,Africa
Morocco,2014-01-01,0.653,7110,73.2,0.4,0.515,Africa
Morocco,2015-01-01,0.66,7330,73.5,0.466,0.516,Africa
Morocco,2016-01-01,0.669,7310,73.7,0.47700000000000004,0.539,Africa
Morocco,2017-01-01,0.675,7510,74.0,0.48700000000000004,0.531,Africa
Morocco,2018-01-01,0.6759999999999999,7650,74.2,0.499,0.49,Africa
Mozambique,2007-01-01,0.37200000000000005,846,50.8,0.539,0.483,Africa
Mozambique,2008-01-01,0.381,879,51.3,0.5489999999999999,0.465,Africa
Mozambique,2009-01-01,0.389,910,51.7,0.52,0.4756666666666667,Africa
Mozambique,2010-01-01,0.396,945,52.0,0.49,0.4863333333333334,Africa
Mozambique,2011-01-01,0.391,984,52.5,0.49,0.49700000000000005,Africa
Mozambique,2012-01-01,0.39799999999999996,1030,52.9,0.488,0.48650000000000004,Africa
Mozambique,2013-01-01,0.41200000000000003,1070,53.8,0.47700000000000004,0.47600000000000003,Africa
Mozambique,2014-01-01,0.42,1120,55.1,0.466,0.4655,Africa
Mozambique,2015-01-01,0.428,1160,56.2,0.46,0.455,Africa
Mozambique,2016-01-01,0.435,1170,57.3,0.402,0.4415,Africa
Mozambique,2017-01-01,0.442,1180,58.4,0.402,0.428,Africa
Mozambique,2018-01-01,0.446,1180,59.2,0.385,0.465,Africa
Myanmar,2007-01-01,0.49,2820,62.5,0.177,0.444,Asia
Myanmar,2008-01-01,0.501,3080,57.6,0.177,0.444,Asia
Myanmar,2009-01-01,0.512,3390,64.0,0.177,0.444,Asia
Myanmar,2010-01-01,0.523,3690,64.8,0.177,0.444,Asia
Myanmar,2011-01-01,0.534,3870,65.4,0.177,0.444,Asia
Myanmar,2012-01-01,0.541,4110,66.1,0.235,0.444,Asia
Myanmar,2013-01-01,0.551,4420,66.8,0.276,0.418,Asia
Myanmar,2014-01-01,0.5579999999999999,4740,67.4,0.305,0.479,Asia
Myanmar,2015-01-01,0.565,5030,67.8,0.414,0.42200000000000004,Asia
Myanmar,2016-01-01,0.5710000000000001,5290,68.3,0.42,0.462,Asia
Myanmar,2017-01-01,0.5770000000000001,5610,68.5,0.38299999999999995,0.415,Asia
Myanmar,2018-01-01,0.584,5920,68.8,0.38299999999999995,0.441,Asia
Nepal,2007-01-01,0.49,1750,68.5,0.374,0.475,Asia
Nepal,2008-01-01,0.5,1840,68.7,0.405,0.444,Asia
Nepal,2009-01-01,0.513,1910,69.0,0.415,0.49200000000000005,Asia
Nepal,2010-01-01,0.527,1990,69.2,0.424,0.435,Asia
Nepal,2011-01-01,0.534,2050,69.4,0.424,0.381,Asia
Nepal,2012-01-01,0.5479999999999999,2160,69.6,0.41600000000000004,0.423,Asia
Nepal,2013-01-01,0.555,2250,69.9,0.47700000000000004,0.46,Asia
Nepal,2014-01-01,0.562,2390,70.2,0.47700000000000004,0.498,Asia
Nepal,2015-01-01,0.568,2460,69.6,0.47700000000000004,0.48100000000000004,Asia
Nepal,2016-01-01,0.5720000000000001,2450,70.6,0.486,0.51,Asia
Nepal,2017-01-01,0.574,2610,70.9,0.518,0.474,Asia
Nepal,2018-01-01,0.579,2720,71.2,0.518,0.491,Asia
Netherlands,2007-01-01,0.904,46900,80.2,0.96,0.745,Europe
Netherlands,2008-01-01,0.9059999999999999,47700,80.3,0.953,0.763,Europe
Netherlands,2009-01-01,0.9059999999999999,45700,80.6,0.9259999999999999,0.7565,Europe
Netherlands,2010-01-01,0.9109999999999999,46100,80.8,0.899,0.75,Europe
Netherlands,2011-01-01,0.922,46600,81.0,0.899,0.7559999999999999,Europe
Netherlands,2012-01-01,0.9209999999999999,45900,81.0,0.899,0.747,Europe
Netherlands,2013-01-01,0.924,45800,81.3,0.884,0.741,Europe
Netherlands,2014-01-01,0.925,46200,81.5,0.892,0.732,Europe
Netherlands,2015-01-01,0.927,46900,81.5,0.892,0.732,Europe
Netherlands,2016-01-01,0.929,47700,81.5,0.88,0.754,Europe
Netherlands,2017-01-01,0.932,48800,81.5,0.889,0.746,Europe
Netherlands,2018-01-01,0.934,49800,81.7,0.889,0.746,Europe
New Zealand,2007-01-01,0.894,33100,80.0,0.91,0.76,Oceania
New Zealand,2008-01-01,0.895,32500,80.1,0.919,0.738,Oceania
New Zealand,2009-01-01,0.898,32100,80.4,0.9229999999999999,0.73,Oceania
New Zealand,2010-01-01,0.899,32200,80.7,0.9259999999999999,0.722,Oceania
New Zealand,2011-01-01,0.902,32700,80.6,0.9259999999999999,0.7190000000000001,Oceania
New Zealand,2012-01-01,0.905,33300,81.0,0.9259999999999999,0.725,Oceania
New Zealand,2013-01-01,0.907,33900,81.3,0.9259999999999999,0.728,Oceania
New Zealand,2014-01-01,0.91,34600,81.3,0.9259999999999999,0.731,Oceania
New Zealand,2015-01-01,0.914,35200,81.5,0.9259999999999999,0.742,Oceania
New Zealand,2016-01-01,0.917,35700,81.7,0.9259999999999999,0.723,Oceania
New Zealand,2017-01-01,0.92,36000,81.6,0.9259999999999999,0.733,Oceania
New Zealand,2018-01-01,0.9209999999999999,36400,81.8,0.9259999999999999,0.737,Oceania
Nicaragua,2007-01-01,0.602,3960,76.5,0.588,0.494,Americas
Nicaragua,2008-01-01,0.607,4040,76.8,0.607,0.51,Americas
Nicaragua,2009-01-01,0.608,3850,77.1,0.59,0.535,Americas
Nicaragua,2010-01-01,0.614,3970,77.6,0.573,0.569,Americas
Nicaragua,2011-01-01,0.619,4160,77.7,0.556,0.539,Americas
Nicaragua,2012-01-01,0.625,4380,77.7,0.556,0.545,Americas
Nicaragua,2013-01-01,0.63,4530,77.6,0.546,0.5770000000000001,Americas
Nicaragua,2014-01-01,0.64,4690,77.4,0.532,0.628,Americas
Nicaragua,2015-01-01,0.644,4850,78.1,0.526,0.5920000000000001,Americas
Nicaragua,2016-01-01,0.649,5000,78.5,0.48100000000000004,0.601,Americas
Nicaragua,2017-01-01,0.653,5170,78.8,0.466,0.648,Americas
Nicaragua,2018-01-01,0.6509999999999999,4910,79.0,0.363,0.5820000000000001,Americas
Niger,2007-01-01,0.295,772,57.2,0.348,0.428,Africa
Niger,2008-01-01,0.304,815,58.0,0.341,0.424,Africa
Niger,2009-01-01,0.309,779,58.5,0.34,0.42700000000000005,Africa
Niger,2010-01-01,0.319,812,59.1,0.33799999999999997,0.41,Africa
Niger,2011-01-01,0.326,799,59.5,0.41600000000000004,0.456,Africa
Niger,2012-01-01,0.33799999999999997,860,60.0,0.41600000000000004,0.38,Africa
Niger,2013-01-01,0.345,870,60.5,0.408,0.37200000000000005,Africa
Niger,2014-01-01,0.353,900,61.0,0.402,0.418,Africa
Niger,2015-01-01,0.36,903,61.3,0.385,0.36700000000000005,Africa
Niger,2016-01-01,0.365,912,61.9,0.396,0.423,Africa
Niger,2017-01-01,0.373,921,62.4,0.376,0.462,Africa
Niger,2018-01-01,0.377,932,62.8,0.376,0.516,Africa
Nigeria,2007-01-01,0.479,4420,58.5,0.353,0.489,Africa
Nigeria,2008-01-01,0.485,4600,59.2,0.353,0.494,Africa
Nigeria,2009-01-01,0.491,4840,59.9,0.35,0.498,Africa
Nigeria,2010-01-01,0.484,5090,60.5,0.34700000000000003,0.47600000000000003,Africa
Nigeria,2011-01-01,0.494,5210,61.1,0.38299999999999995,0.5125,Africa
Nigeria,2012-01-01,0.502,5290,61.7,0.377,0.5489999999999999,Africa
Nigeria,2013-01-01,0.52,5500,62.4,0.377,0.48200000000000004,Africa
Nigeria,2014-01-01,0.523,5690,62.6,0.376,0.48750000000000004,Africa
Nigeria,2015-01-01,0.527,5690,63.4,0.462,0.493,Africa
Nigeria,2016-01-01,0.528,5450,63.9,0.45,0.522,Africa
Nigeria,2017-01-01,0.5329999999999999,5350,64.3,0.444,0.532,Africa
Nigeria,2018-01-01,0.534,5320,64.8,0.444,0.525,Africa
Norway,2007-01-01,0.938,65100,80.5,0.9620000000000001,0.763,Europe
Norway,2008-01-01,0.938,64600,80.7,0.968,0.763,Europe
Norway,2009-01-01,0.938,62700,80.8,0.9740000000000001,0.76425,Europe
Norway,2010-01-01,0.9420000000000001,62400,80.9,0.98,0.7655000000000001,Europe
Norway,2011-01-01,0.943,62100,80.8,0.98,0.76675,Europe
Norway,2012-01-01,0.9420000000000001,63000,81.5,0.993,0.768,Europe
Norway,2013-01-01,0.946,62900,81.5,0.993,0.756,Europe
Norway,2014-01-01,0.945,63400,81.9,0.993,0.7440000000000001,Europe
Norway,2015-01-01,0.948,64000,82.3,0.993,0.76,Europe
Norway,2016-01-01,0.951,64200,82.4,0.993,0.76,Europe
Norway,2017-01-01,0.953,65000,82.3,0.987,0.758,Europe
Norway,2018-01-01,0.9540000000000001,65400,82.5,0.987,0.7440000000000001,Europe
Pakistan,2007-01-01,0.511,4100,63.5,0.419,0.5670000000000001,Asia
Pakistan,2008-01-01,0.513,4070,63.7,0.446,0.441,Asia
Pakistan,2009-01-01,0.52,4100,64.0,0.45,0.521,Asia
Pakistan,2010-01-01,0.524,4070,64.3,0.455,0.579,Asia
Pakistan,2011-01-01,0.528,4100,64.7,0.455,0.527,Asia
Pakistan,2012-01-01,0.5329999999999999,4150,65.0,0.457,0.513,Asia
Pakistan,2013-01-01,0.537,4240,65.3,0.46399999999999997,0.514,Asia
Pakistan,2014-01-01,0.546,4350,65.5,0.46399999999999997,0.544,Asia
Pakistan,2015-01-01,0.55,4460,66.0,0.44,0.48200000000000004,Asia
Pakistan,2016-01-01,0.556,4610,66.4,0.433,0.555,Asia
Pakistan,2017-01-01,0.5579999999999999,4770,66.8,0.426,0.583,Asia
Pakistan,2018-01-01,0.56,4930,67.0,0.41700000000000004,0.547,Asia
Panama,2007-01-01,0.7509999999999999,14000,78.2,0.735,0.6890000000000001,Americas
Panama,2008-01-01,0.755,15100,78.1,0.735,0.693,Americas
Panama,2009-01-01,0.7559999999999999,15000,78.1,0.725,0.703,Americas
Panama,2010-01-01,0.758,15600,78.2,0.715,0.732,Americas
Panama,2011-01-01,0.764,17100,78.3,0.708,0.725,Americas
Panama,2012-01-01,0.77,18500,78.3,0.708,0.6859999999999999,Americas
Panama,2013-01-01,0.775,19400,78.4,0.708,0.687,Americas
Panama,2014-01-01,0.779,20000,78.6,0.708,0.6629999999999999,Americas
Panama,2015-01-01,0.782,20800,78.9,0.7190000000000001,0.6609999999999999,Americas
Panama,2016-01-01,0.789,21500,79.1,0.713,0.612,Americas
Panama,2017-01-01,0.7929999999999999,22200,79.3,0.708,0.657,Americas
Panama,2018-01-01,0.795,22700,79.5,0.705,0.628,Americas
Paraguay,2007-01-01,0.6709999999999999,8610,74.8,0.628,0.527,Americas
Paraguay,2008-01-01,0.68,9030,74.9,0.64,0.557,Americas
Paraguay,2009-01-01,0.6779999999999999,8880,74.7,0.64,0.5579999999999999,Americas
Paraguay,2010-01-01,0.6920000000000001,9740,74.6,0.64,0.584,Americas
Paraguay,2011-01-01,0.6970000000000001,10000,74.8,0.64,0.568,Americas
Paraguay,2012-01-01,0.6970000000000001,9830,75.1,0.626,0.5820000000000001,Americas
Paraguay,2013-01-01,0.7090000000000001,10500,74.9,0.626,0.594,Americas
Paraguay,2014-01-01,0.7120000000000001,10900,75.3,0.626,0.512,Americas
Paraguay,2015-01-01,0.718,11100,75.8,0.633,0.556,Americas
Paraguay,2016-01-01,0.718,11400,75.9,0.627,0.58,Americas
Paraguay,2017-01-01,0.722,11800,76.1,0.631,0.5710000000000001,Americas
Paraguay,2018-01-01,0.7240000000000001,12100,76.3,0.624,0.5710000000000001,Americas
Peru,2007-01-01,0.705,8640,77.9,0.621,0.521,Americas
Peru,2008-01-01,0.715,9350,77.9,0.631,0.513,Americas
Peru,2009-01-01,0.718,9380,77.4,0.635,0.552,Americas
Peru,2010-01-01,0.721,10100,77.5,0.64,0.561,Americas
Peru,2011-01-01,0.7340000000000001,10600,78.0,0.659,0.589,Americas
Peru,2012-01-01,0.7340000000000001,11200,78.4,0.647,0.5820000000000001,Americas
Peru,2013-01-01,0.742,11700,78.9,0.654,0.578,Americas
Peru,2014-01-01,0.752,11900,79.4,0.654,0.5870000000000001,Americas
Peru,2015-01-01,0.75,12100,80.0,0.6579999999999999,0.5579999999999999,Americas
Peru,2016-01-01,0.755,12400,80.2,0.665,0.57,Americas
Peru,2017-01-01,0.7559999999999999,12500,80.3,0.649,0.5710000000000001,Americas
Peru,2018-01-01,0.759,12800,80.6,0.66,0.568,Americas
Philippines,2007-01-01,0.6629999999999999,5180,69.2,0.63,0.507,Asia
Philippines,2008-01-01,0.667,5300,69.2,0.612,0.45899999999999996,Asia
Philippines,2009-01-01,0.6659999999999999,5270,69.1,0.612,0.488,Asia
Philippines,2010-01-01,0.672,5580,69.2,0.612,0.494,Asia
Philippines,2011-01-01,0.677,5690,69.3,0.612,0.499,Asia
Philippines,2012-01-01,0.684,5970,69.3,0.63,0.5,Asia
Philippines,2013-01-01,0.6920000000000001,6280,69.2,0.6409999999999999,0.498,Asia
Philippines,2014-01-01,0.6970000000000001,6560,69.3,0.677,0.531,Asia
Philippines,2015-01-01,0.7020000000000001,6850,69.2,0.684,0.555,Asia
Philippines,2016-01-01,0.7040000000000001,7210,69.5,0.6940000000000001,0.5429999999999999,Asia
Philippines,2017-01-01,0.7090000000000001,7580,69.7,0.6709999999999999,0.5589999999999999,Asia
Philippines,2018-01-01,0.7120000000000001,7940,69.9,0.6709999999999999,0.5870000000000001,Asia
Poland,2007-01-01,0.8190000000000001,19600,75.3,0.73,0.589,Europe
Poland,2008-01-01,0.8240000000000001,20400,75.6,0.73,0.583,Europe
Poland,2009-01-01,0.828,21000,75.9,0.718,0.5770000000000001,Europe
Poland,2010-01-01,0.835,21800,76.4,0.705,0.589,Europe
Poland,2011-01-01,0.84,22900,76.7,0.7120000000000001,0.565,Europe
Poland,2012-01-01,0.836,23200,76.8,0.7120000000000001,0.588,Europe
Poland,2013-01-01,0.851,23600,77.1,0.7120000000000001,0.575,Europe
Poland,2014-01-01,0.853,24400,77.6,0.747,0.575,Europe
Poland,2015-01-01,0.858,25300,77.5,0.7090000000000001,0.601,Europe
Poland,2016-01-01,0.8640000000000001,26100,77.8,0.6829999999999999,0.616,Europe
Poland,2017-01-01,0.868,27300,78.0,0.667,0.62,Europe
Poland,2018-01-01,0.872,28800,78.2,0.667,0.62,Europe
Portugal,2007-01-01,0.81,27600,79.3,0.81,0.5720000000000001,Europe
Portugal,2008-01-01,0.8140000000000001,27600,79.5,0.805,0.5720000000000001,Europe
Portugal,2009-01-01,0.8170000000000001,26700,79.7,0.8029999999999999,0.5405,Europe
Portugal,2010-01-01,0.8220000000000001,27200,80.0,0.802,0.509,Europe
Portugal,2011-01-01,0.8270000000000001,26800,80.4,0.7809999999999999,0.522,Europe
Portugal,2012-01-01,0.8290000000000001,25800,80.6,0.792,0.499,Europe
Portugal,2013-01-01,0.8370000000000001,25700,80.9,0.765,0.516,Europe
Portugal,2014-01-01,0.84,26000,81.2,0.779,0.513,Europe
Portugal,2015-01-01,0.843,26600,81.5,0.779,0.508,Europe
Portugal,2016-01-01,0.846,27200,81.5,0.7859999999999999,0.545,Europe
Portugal,2017-01-01,0.848,28000,81.4,0.784,0.5710000000000001,Europe
Portugal,2018-01-01,0.85,28700,81.7,0.784,0.5920000000000001,Europe
Romania,2007-01-01,0.78,17100,73.2,0.706,0.539,Europe
Romania,2008-01-01,0.795,19000,73.3,0.706,0.538,Europe
Romania,2009-01-01,0.7979999999999999,18100,73.4,0.6829999999999999,0.537,Europe
Romania,2010-01-01,0.797,17500,73.7,0.66,0.491,Europe
Romania,2011-01-01,0.7979999999999999,17900,74.5,0.654,0.502,Europe
Romania,2012-01-01,0.7959999999999999,18400,74.6,0.654,0.517,Europe
Romania,2013-01-01,0.8,19100,74.9,0.654,0.508,Europe
Romania,2014-01-01,0.8029999999999999,19800,74.9,0.6679999999999999,0.573,Europe
Romania,2015-01-01,0.8059999999999999,20700,75.1,0.6679999999999999,0.578,Europe
Romania,2016-01-01,0.8079999999999999,21800,75.2,0.662,0.597,Europe
Romania,2017-01-01,0.813,23400,75.2,0.644,0.609,Europe
Romania,2018-01-01,0.816,24500,75.3,0.638,0.615,Europe
Rwanda,2007-01-01,0.446,1190,60.3,0.376,0.436,Africa
Rwanda,2008-01-01,0.456,1290,61.8,0.371,0.436,Africa
Rwanda,2009-01-01,0.47200000000000003,1340,63.1,0.348,0.40299999999999997,Africa
Rwanda,2010-01-01,0.488,1400,64.3,0.325,0.4065,Africa
Rwanda,2011-01-01,0.496,1470,65.2,0.325,0.41,Africa
Rwanda,2012-01-01,0.504,1560,66.0,0.336,0.33299999999999996,Africa
Rwanda,2013-01-01,0.506,1590,66.7,0.33799999999999997,0.34700000000000003,Africa
Rwanda,2014-01-01,0.513,1670,67.2,0.325,0.36,Africa
Rwanda,2015-01-01,0.515,1770,67.7,0.307,0.348,Africa
Rwanda,2016-01-01,0.525,1830,68.0,0.307,0.33299999999999996,Africa
Rwanda,2017-01-01,0.529,1890,68.5,0.319,0.311,Africa
Rwanda,2018-01-01,0.536,2000,68.8,0.335,0.35600000000000004,Africa
Saudi Arabia,2007-01-01,0.784,45300,74.7,0.191,0.727,Asia
Saudi Arabia,2008-01-01,0.7929999999999999,46800,74.7,0.19,0.6809999999999999,Asia
Saudi Arabia,2009-01-01,0.797,44500,74.7,0.187,0.615,Asia
Saudi Arabia,2010-01-01,0.81,45400,74.8,0.184,0.631,Asia
Saudi Arabia,2011-01-01,0.8240000000000001,48500,75.0,0.177,0.67,Asia
Saudi Arabia,2012-01-01,0.8370000000000001,49500,75.3,0.171,0.64,Asia
Saudi Arabia,2013-01-01,0.846,49400,75.7,0.182,0.65,Asia
Saudi Arabia,2014-01-01,0.853,49700,76.0,0.182,0.628,Asia
Saudi Arabia,2015-01-01,0.857,50500,76.2,0.193,0.635,Asia
Saudi Arabia,2016-01-01,0.857,50200,76.6,0.193,0.647,Asia
Saudi Arabia,2017-01-01,0.856,48800,76.9,0.193,0.629,Asia
Saudi Arabia,2018-01-01,0.857,49000,77.0,0.193,0.636,Asia
Senegal,2007-01-01,0.44799999999999995,2740,64.5,0.537,0.46799999999999997,Africa
Senegal,2008-01-01,0.45799999999999996,2770,65.1,0.537,0.46799999999999997,Africa
Senegal,2009-01-01,0.462,2760,65.5,0.532,0.434,Africa
Senegal,2010-01-01,0.46799999999999997,2780,65.9,0.527,0.43700000000000006,Africa
Senegal,2011-01-01,0.479,2740,66.3,0.551,0.38299999999999995,Africa
Senegal,2012-01-01,0.489,2800,66.6,0.609,0.36700000000000005,Africa
Senegal,2013-01-01,0.494,2800,66.9,0.615,0.365,Africa
Senegal,2014-01-01,0.501,2900,67.2,0.615,0.439,Africa
Senegal,2015-01-01,0.504,3000,67.5,0.608,0.462,Africa
Senegal,2016-01-01,0.506,3100,67.8,0.621,0.45899999999999996,Africa
Senegal,2017-01-01,0.51,3230,68.0,0.615,0.46799999999999997,Africa
Senegal,2018-01-01,0.514,3360,68.3,0.615,0.47700000000000004,Africa
Serbia,2007-01-01,0.754,12800,73.7,0.655,0.475,Europe
Serbia,2008-01-01,0.76,13500,73.9,0.649,0.45649999999999996,Europe
Serbia,2009-01-01,0.762,13200,74.0,0.6409999999999999,0.43799999999999994,Europe
Serbia,2010-01-01,0.762,13400,74.4,0.633,0.446,Europe
Serbia,2011-01-01,0.772,13700,74.5,0.633,0.48200000000000004,Europe
Serbia,2012-01-01,0.772,13700,74.7,0.633,0.515,Europe
Serbia,2013-01-01,0.775,14200,75.0,0.667,0.51,Europe
Serbia,2014-01-01,0.78,14000,75.1,0.6709999999999999,0.511,Europe
Serbia,2015-01-01,0.785,14300,75.1,0.6709999999999999,0.532,Europe
Serbia,2016-01-01,0.7909999999999999,14900,75.5,0.657,0.575,Europe
Serbia,2017-01-01,0.794,15300,75.7,0.6409999999999999,0.512,Europe
Serbia,2018-01-01,0.799,16000,75.9,0.6409999999999999,0.594,Europe
Sierra Leone,2007-01-01,0.368,1130,53.5,0.384,0.359,Africa
Sierra Leone,2008-01-01,0.37799999999999995,1160,54.1,0.41100000000000003,0.3,Africa
Sierra Leone,2009-01-01,0.386,1170,54.6,0.431,0.3565,Africa
Sierra Leone,2010-01-01,0.391,1210,55.4,0.451,0.413,Africa
Sierra Leone,2011-01-01,0.39799999999999996,1260,56.1,0.451,0.45,Africa
Sierra Leone,2012-01-01,0.413,1410,56.9,0.47100000000000003,0.4505,Africa
Sierra Leone,2013-01-01,0.426,1670,57.9,0.46399999999999997,0.451,Africa
Sierra Leone,2014-01-01,0.43,1710,57.1,0.456,0.45,Africa
Sierra Leone,2015-01-01,0.42200000000000004,1330,58.5,0.455,0.491,Africa
Sierra Leone,2016-01-01,0.423,1380,59.8,0.455,0.473,Africa
Sierra Leone,2017-01-01,0.435,1400,60.4,0.466,0.409,Africa
Sierra Leone,2018-01-01,0.43799999999999994,1430,60.9,0.466,0.431,Africa
Singapore,2007-01-01,0.879,69200,81.9,0.589,0.6829999999999999,Asia
Singapore,2008-01-01,0.884,66800,82.2,0.589,0.664,Asia
Singapore,2009-01-01,0.885,64900,82.9,0.589,0.614,Asia
Singapore,2010-01-01,0.909,73100,83.2,0.589,0.653,Asia
Singapore,2011-01-01,0.914,76000,83.4,0.589,0.6559999999999999,Asia
Singapore,2012-01-01,0.92,77500,83.6,0.588,0.6545,Asia
Singapore,2013-01-01,0.9229999999999999,79900,83.9,0.5920000000000001,0.653,Asia
Singapore,2014-01-01,0.9279999999999999,82000,84.2,0.603,0.706,Asia
Singapore,2015-01-01,0.929,83300,84.4,0.614,0.662,Asia
Singapore,2016-01-01,0.9329999999999999,84700,84.7,0.638,0.603,Asia
Singapore,2017-01-01,0.934,87800,84.8,0.632,0.638,Asia
Singapore,2018-01-01,0.935,90100,85.0,0.638,0.637,Asia
Slovak Republic,2007-01-01,0.8140000000000001,24100,74.5,0.737,0.605,Europe
Slovak Republic,2008-01-01,0.8220000000000001,25400,74.9,0.733,0.605,Europe
Slovak Republic,2009-01-01,0.823,24000,75.2,0.7340000000000001,0.605,Europe
Slovak Republic,2010-01-01,0.8290000000000001,25200,75.6,0.735,0.605,Europe
Slovak Republic,2011-01-01,0.836,25800,75.9,0.735,0.595,Europe
Slovak Republic,2012-01-01,0.841,26200,76.2,0.735,0.591,Europe
Slovak Republic,2013-01-01,0.8440000000000001,26600,76.6,0.735,0.594,Europe
Slovak Republic,2014-01-01,0.845,27300,76.8,0.735,0.614,Europe
Slovak Republic,2015-01-01,0.8490000000000001,28400,76.7,0.7290000000000001,0.616,Europe
Slovak Republic,2016-01-01,0.851,29200,77.2,0.7290000000000001,0.599,Europe
Slovak Republic,2017-01-01,0.8540000000000001,30100,77.4,0.716,0.637,Europe
Slovak Republic,2018-01-01,0.857,31300,77.6,0.71,0.624,Europe
Slovenia,2007-01-01,0.873,30200,78.2,0.7959999999999999,0.583,Europe
Slovenia,2008-01-01,0.878,31100,78.6,0.7959999999999999,0.583,Europe
Slovenia,2009-01-01,0.877,28500,79.1,0.7829999999999999,0.583,Europe
Slovenia,2010-01-01,0.8809999999999999,28700,79.5,0.769,0.608,Europe
Slovenia,2011-01-01,0.883,28800,79.8,0.7759999999999999,0.604,Europe
Slovenia,2012-01-01,0.8759999999999999,28000,79.9,0.7879999999999999,0.606,Europe
Slovenia,2013-01-01,0.884,27600,80.2,0.7879999999999999,0.597,Europe
Slovenia,2014-01-01,0.8859999999999999,28400,80.9,0.757,0.568,Europe
Slovenia,2015-01-01,0.8859999999999999,29000,80.8,0.757,0.574,Europe
Slovenia,2016-01-01,0.892,29900,81.0,0.7509999999999999,0.594,Europe
Slovenia,2017-01-01,0.899,31400,81.1,0.75,0.617,Europe
Slovenia,2018-01-01,0.902,32700,81.3,0.75,0.625,Europe
South Africa,2007-01-01,0.631,11900,52.6,0.7909999999999999,0.52,Africa
South Africa,2008-01-01,0.644,12100,53.4,0.7909999999999999,0.535,Africa
South Africa,2009-01-01,0.654,11800,54.5,0.785,0.522,Africa
South Africa,2010-01-01,0.662,12000,56.1,0.779,0.465,Africa
South Africa,2011-01-01,0.6629999999999999,12200,57.9,0.779,0.493,Africa
South Africa,2012-01-01,0.6729999999999999,12300,59.5,0.779,0.513,Africa
South Africa,2013-01-01,0.6829999999999999,12400,61.1,0.79,0.366,Africa
South Africa,2014-01-01,0.691,12400,62.5,0.782,0.483,Africa
South Africa,2015-01-01,0.6990000000000001,12400,63.4,0.7559999999999999,0.489,Africa
South Africa,2016-01-01,0.7020000000000001,12200,64.4,0.741,0.47700000000000004,Africa
South Africa,2017-01-01,0.7040000000000001,12200,66.3,0.7240000000000001,0.451,Africa
South Africa,2018-01-01,0.705,12100,66.6,0.7240000000000001,0.488,Africa
Spain,2007-01-01,0.853,34300,81.0,0.84,0.6990000000000001,Europe
Spain,2008-01-01,0.856,34200,81.3,0.845,0.7290000000000001,Europe
Spain,2009-01-01,0.858,32700,81.7,0.83,0.62,Europe
Spain,2010-01-01,0.865,32500,82.0,0.816,0.619,Europe
Spain,2011-01-01,0.87,32100,82.1,0.802,0.652,Europe
Spain,2012-01-01,0.873,31100,82.3,0.802,0.629,Europe
Spain,2013-01-01,0.875,30700,82.6,0.802,0.615,Europe
Spain,2014-01-01,0.88,31200,82.7,0.805,0.6459999999999999,Europe
Spain,2015-01-01,0.885,32400,82.6,0.83,0.638,Europe
Spain,2016-01-01,0.888,33400,82.9,0.83,0.632,Europe
Spain,2017-01-01,0.8909999999999999,34300,83.1,0.8079999999999999,0.623,Europe
Spain,2018-01-01,0.893,35100,83.2,0.8079999999999999,0.6509999999999999,Europe
Sri Lanka,2007-01-01,0.7340000000000001,7330,74.4,0.66,0.441,Asia
Sri Lanka,2008-01-01,0.742,7710,73.7,0.6609999999999999,0.44299999999999995,Asia
Sri Lanka,2009-01-01,0.745,7930,74.0,0.6629999999999999,0.42100000000000004,Asia
Sri Lanka,2010-01-01,0.75,8500,74.7,0.664,0.39799999999999996,Asia
Sri Lanka,2011-01-01,0.7559999999999999,9160,75.9,0.6579999999999999,0.418,Asia
Sri Lanka,2012-01-01,0.762,9980,76.1,0.575,0.42200000000000004,Asia
Sri Lanka,2013-01-01,0.765,10200,76.4,0.569,0.436,Asia
Sri Lanka,2014-01-01,0.769,10600,76.5,0.569,0.42700000000000005,Asia
Sri Lanka,2015-01-01,0.772,11100,76.9,0.642,0.461,Asia
Sri Lanka,2016-01-01,0.774,11400,77.2,0.648,0.447,Asia
Sri Lanka,2017-01-01,0.7759999999999999,11700,77.5,0.648,0.433,Asia
Sri Lanka,2018-01-01,0.78,12000,77.6,0.619,0.44,Asia
Sweden,2007-01-01,0.905,44100,80.9,0.988,0.7240000000000001,Europe
Sweden,2008-01-01,0.9009999999999999,43500,81.0,0.988,0.752,Europe
Sweden,2009-01-01,0.899,40900,81.2,0.9690000000000001,0.727,Europe
Sweden,2010-01-01,0.9059999999999999,43000,81.5,0.95,0.75,Europe
Sweden,2011-01-01,0.9059999999999999,43800,81.6,0.95,0.738,Europe
Sweden,2012-01-01,0.9079999999999999,43400,81.8,0.973,0.7559999999999999,Europe
Sweden,2013-01-01,0.927,43500,81.9,0.973,0.743,Europe
Sweden,2014-01-01,0.929,44200,82.1,0.973,0.7240000000000001,Europe
Sweden,2015-01-01,0.932,45700,82.2,0.945,0.7290000000000001,Europe
Sweden,2016-01-01,0.934,46300,82.4,0.9390000000000001,0.737,Europe
Sweden,2017-01-01,0.935,46700,82.5,0.9390000000000001,0.7290000000000001,Europe
Sweden,2018-01-01,0.937,47200,82.6,0.9390000000000001,0.737,Europe
Switzerland,2007-01-01,0.915,56300,81.9,0.9079999999999999,0.752,Europe
Switzerland,2008-01-01,0.917,56800,82.2,0.915,0.752,Europe
Switzerland,2009-01-01,0.927,54800,82.2,0.912,0.752,Europe
Switzerland,2010-01-01,0.932,55900,82.5,0.909,0.7606666666666667,Europe
Switzerland,2011-01-01,0.932,56200,82.8,0.909,0.7693333333333333,Europe
Switzerland,2012-01-01,0.935,56200,82.9,0.909,0.778,Europe
Switzerland,2013-01-01,0.938,56500,83.0,0.909,0.7635000000000001,Europe
Switzerland,2014-01-01,0.9390000000000001,57200,83.3,0.909,0.7490000000000001,Europe
Switzerland,2015-01-01,0.943,57300,83.5,0.909,0.757,Europe
Switzerland,2016-01-01,0.943,57600,83.8,0.909,0.746,Europe
Switzerland,2017-01-01,0.943,58000,84.0,0.903,0.747,Europe
Switzerland,2018-01-01,0.946,59000,84.1,0.903,0.7509999999999999,Europe
Syria,2007-01-01,0.649,5860,75.5,0.22699999999999998,0.532,Asia
Syria,2008-01-01,0.6459999999999999,5920,75.4,0.218,0.532,Asia
Syria,2009-01-01,0.648,6120,75.7,0.22399999999999998,0.498,Asia
Syria,2010-01-01,0.644,6290,75.8,0.231,0.446,Asia
Syria,2011-01-01,0.642,5980,74.5,0.19899999999999998,0.40399999999999997,Asia
Syria,2012-01-01,0.631,4830,67.9,0.163,0.316,Asia
Syria,2013-01-01,0.5720000000000001,4120,68.7,0.18600000000000003,0.26899999999999996,Asia
Syria,2014-01-01,0.551,3540,65.0,0.174,0.3075,Asia
Syria,2015-01-01,0.54,3050,67.3,0.14300000000000002,0.34600000000000003,Asia
Syria,2016-01-01,0.539,3090,67.4,0.14300000000000002,0.34600000000000003,Asia
Syria,2017-01-01,0.544,3100,69.8,0.14300000000000002,0.34600000000000003,Asia
Syria,2018-01-01,0.5489999999999999,2900,70.6,0.14300000000000002,0.34600000000000003,Asia
Tanzania,2007-01-01,0.461,2050,58.3,0.523,0.43200000000000005,Africa
Tanzania,2008-01-01,0.47,2110,59.3,0.528,0.43799999999999994,Africa
Tanzania,2009-01-01,0.479,2160,60.0,0.546,0.341,Africa
Tanzania,2010-01-01,0.48700000000000004,2230,60.9,0.564,0.32299999999999995,Africa
Tanzania,2011-01-01,0.49200000000000005,2330,61.8,0.564,0.40700000000000003,Africa
Tanzania,2012-01-01,0.501,2360,62.8,0.588,0.401,Africa
Tanzania,2013-01-01,0.503,2450,63.9,0.5770000000000001,0.385,Africa
Tanzania,2014-01-01,0.509,2540,64.9,0.5770000000000001,0.348,Africa
Tanzania,2015-01-01,0.519,2610,65.6,0.5579999999999999,0.366,Africa
Tanzania,2016-01-01,0.518,2710,66.2,0.5760000000000001,0.29,Africa
Tanzania,2017-01-01,0.522,2810,66.7,0.547,0.335,Africa
Tanzania,2018-01-01,0.528,2920,67.3,0.541,0.345,Africa
Thailand,2007-01-01,0.71,12600,75.9,0.624,0.578,Asia
Thailand,2008-01-01,0.7140000000000001,12800,76.3,0.6809999999999999,0.564,Asia
Thailand,2009-01-01,0.718,12600,76.8,0.6679999999999999,0.5479999999999999,Asia
Thailand,2010-01-01,0.721,13500,77.0,0.655,0.622,Asia
Thailand,2011-01-01,0.7290000000000001,13500,77.3,0.655,0.6659999999999999,Asia
Thailand,2012-01-01,0.733,14500,77.7,0.655,0.63,Asia
Thailand,2013-01-01,0.731,14800,78.0,0.625,0.623,Asia
Thailand,2014-01-01,0.7390000000000001,14900,78.1,0.539,0.6990000000000001,Asia
Thailand,2015-01-01,0.746,15300,78.2,0.509,0.62,Asia
Thailand,2016-01-01,0.753,15700,78.0,0.49200000000000005,0.607,Asia
Thailand,2017-01-01,0.762,16300,78.1,0.46299999999999997,0.594,Asia
Thailand,2018-01-01,0.765,16900,78.4,0.46299999999999997,0.601,Asia
Togo,2007-01-01,0.441,1160,57.7,0.209,0.281,Africa
Togo,2008-01-01,0.449,1170,58.0,0.243,0.281,Africa
Togo,2009-01-01,0.45799999999999996,1200,58.6,0.294,0.2853333333333333,Africa
Togo,2010-01-01,0.46799999999999997,1240,59.2,0.345,0.2896666666666667,Africa
Togo,2011-01-01,0.48,1290,60.0,0.345,0.294,Africa
Togo,2012-01-01,0.484,1340,60.7,0.345,0.29066666666666663,Africa
Togo,2013-01-01,0.49,1380,61.4,0.345,0.28733333333333333,Africa
Togo,2014-01-01,0.495,1420,62.1,0.345,0.284,Africa
Togo,2015-01-01,0.502,1470,62.8,0.341,0.377,Africa
Togo,2016-01-01,0.506,1500,63.5,0.332,0.38799999999999996,Africa
Togo,2017-01-01,0.51,1530,64.4,0.305,0.436,Africa
Togo,2018-01-01,0.513,1570,64.7,0.31,0.402,Africa
Tunisia,2007-01-01,0.701,9690,76.3,0.301,0.503,Africa
Tunisia,2008-01-01,0.708,10000,76.5,0.29600000000000004,0.503,Africa
Tunisia,2009-01-01,0.71,10200,76.7,0.28800000000000003,0.503,Africa
Tunisia,2010-01-01,0.7170000000000001,10400,77.0,0.27899999999999997,0.513,Africa
Tunisia,2011-01-01,0.7190000000000001,10100,77.0,0.5529999999999999,0.488,Africa
Tunisia,2012-01-01,0.721,10400,77.4,0.5670000000000001,0.446,Africa
Tunisia,2013-01-01,0.725,10600,77.6,0.5760000000000001,0.525,Africa
Tunisia,2014-01-01,0.728,10800,77.8,0.631,0.47600000000000003,Africa
Tunisia,2015-01-01,0.731,10900,77.9,0.672,0.513,Africa
Tunisia,2016-01-01,0.736,10900,78.1,0.64,0.452,Africa
Tunisia,2017-01-01,0.738,11000,78.3,0.632,0.41200000000000003,Africa
Tunisia,2018-01-01,0.7390000000000001,11100,78.5,0.6409999999999999,0.474,Africa
Turkey,2007-01-01,0.7090000000000001,17900,77.4,0.57,0.562,Europe
Turkey,2008-01-01,0.7140000000000001,17800,77.7,0.569,0.512,Europe
Turkey,2009-01-01,0.721,16800,77.5,0.5710000000000001,0.521,Europe
Turkey,2010-01-01,0.743,18000,77.6,0.573,0.5489999999999999,Europe
Turkey,2011-01-01,0.759,19700,77.8,0.573,0.527,Europe
Turkey,2012-01-01,0.765,20300,78.0,0.5760000000000001,0.531,Europe
Turkey,2013-01-01,0.7809999999999999,21600,78.0,0.563,0.489,Europe
Turkey,2014-01-01,0.792,22300,78.1,0.512,0.5579999999999999,Europe
Turkey,2015-01-01,0.8,23300,78.3,0.512,0.551,Europe
Turkey,2016-01-01,0.8,23700,78.6,0.504,0.5329999999999999,Europe
Turkey,2017-01-01,0.805,25000,78.9,0.488,0.561,Europe
Turkey,2018-01-01,0.807,25300,79.2,0.43700000000000006,0.519,Europe
Uganda,2007-01-01,0.457,1420,55.9,0.509,0.446,Africa
Uganda,2008-01-01,0.469,1500,57.0,0.503,0.457,Africa
Uganda,2009-01-01,0.478,1550,58.1,0.504,0.461,Africa
Uganda,2010-01-01,0.489,1590,59.1,0.505,0.419,Africa
Uganda,2011-01-01,0.494,1680,60.2,0.513,0.483,Africa
Uganda,2012-01-01,0.49700000000000005,1690,61.4,0.516,0.431,Africa
Uganda,2013-01-01,0.503,1700,62.5,0.522,0.371,Africa
Uganda,2014-01-01,0.509,1720,63.6,0.522,0.377,Africa
Uganda,2015-01-01,0.515,1750,64.5,0.522,0.424,Africa
Uganda,2016-01-01,0.52,1770,65.2,0.526,0.423,Africa
Uganda,2017-01-01,0.522,1770,65.7,0.509,0.4,Africa
Uganda,2018-01-01,0.528,1810,66.2,0.52,0.43200000000000005,Africa
United Kingdom,2007-01-01,0.892,38500,79.7,0.812,0.68,Europe
United Kingdom,2008-01-01,0.8959999999999999,38100,79.8,0.815,0.6990000000000001,Europe
United Kingdom,2009-01-01,0.899,36200,80.2,0.815,0.691,Europe
United Kingdom,2010-01-01,0.905,36500,80.4,0.816,0.703,Europe
United Kingdom,2011-01-01,0.899,36800,80.8,0.816,0.687,Europe
United Kingdom,2012-01-01,0.897,37100,80.9,0.821,0.688,Europe
United Kingdom,2013-01-01,0.914,37600,80.9,0.831,0.6920000000000001,Europe
United Kingdom,2014-01-01,0.9179999999999999,38400,81.1,0.831,0.6759999999999999,Europe
United Kingdom,2015-01-01,0.9159999999999999,39000,81.0,0.831,0.652,Europe
United Kingdom,2016-01-01,0.9179999999999999,39400,80.9,0.836,0.682,Europe
United Kingdom,2017-01-01,0.919,39900,81.0,0.853,0.71,Europe
United Kingdom,2018-01-01,0.92,40200,81.0,0.853,0.723,Europe
United States,2007-01-01,0.902,50900,78.0,0.8220000000000001,0.7509999999999999,Americas
United States,2008-01-01,0.907,50400,78.2,0.8220000000000001,0.728,Americas
United States,2009-01-01,0.9079999999999999,48600,78.4,0.82,0.716,Americas
United States,2010-01-01,0.9109999999999999,49500,78.7,0.818,0.716,Americas
United States,2011-01-01,0.914,49900,78.8,0.8109999999999999,0.7120000000000001,Americas
United States,2012-01-01,0.9159999999999999,50600,78.9,0.8109999999999999,0.703,Americas
United States,2013-01-01,0.914,51200,78.9,0.8109999999999999,0.725,Americas
United States,2014-01-01,0.915,52100,78.9,0.8109999999999999,0.715,Americas
United States,2015-01-01,0.917,53200,78.8,0.805,0.6859999999999999,Americas
United States,2016-01-01,0.919,53600,78.6,0.7979999999999999,0.68,Americas
United States,2017-01-01,0.919,54500,78.6,0.7979999999999999,0.6990000000000001,Americas
United States,2018-01-01,0.92,55700,78.6,0.7959999999999999,0.688,Americas
Uruguay,2007-01-01,0.763,14400,75.5,0.802,0.569,Americas
Uruguay,2008-01-01,0.767,15400,76.1,0.8079999999999999,0.5660000000000001,Americas
Uruguay,2009-01-01,0.779,16000,76.4,0.809,0.63,Americas
Uruguay,2010-01-01,0.774,17200,76.4,0.81,0.606,Americas
Uruguay,2011-01-01,0.7829999999999999,18000,76.3,0.8170000000000001,0.655,Americas
Uruguay,2012-01-01,0.7879999999999999,18600,76.3,0.8170000000000001,0.645,Americas
Uruguay,2013-01-01,0.797,19400,76.6,0.8170000000000001,0.644,Americas
Uruguay,2014-01-01,0.8,19900,77.0,0.8170000000000001,0.6559999999999999,Americas
Uruguay,2015-01-01,0.802,19900,77.0,0.8170000000000001,0.6629999999999999,Americas
Uruguay,2016-01-01,0.8059999999999999,20200,77.0,0.8170000000000001,0.617,Americas
Uruguay,2017-01-01,0.807,20700,77.0,0.812,0.634,Americas
Uruguay,2018-01-01,0.8079999999999999,20900,77.2,0.838,0.637,Americas
Venezuela,2007-01-01,0.743,17600,75.0,0.5379999999999999,0.626,Americas
Venezuela,2008-01-01,0.753,18200,74.7,0.534,0.626,Americas
Venezuela,2009-01-01,0.752,17400,74.8,0.526,0.7190000000000001,Americas
Venezuela,2010-01-01,0.753,16900,75.3,0.518,0.748,Americas
Venezuela,2011-01-01,0.764,17300,75.3,0.508,0.6579999999999999,Americas
Venezuela,2012-01-01,0.767,18000,75.2,0.515,0.7070000000000001,Americas
Venezuela,2013-01-01,0.772,18000,75.2,0.507,0.655,Americas
Venezuela,2014-01-01,0.77,17100,75.0,0.507,0.614,Americas
Venezuela,2015-01-01,0.763,15600,75.0,0.5,0.557,Americas
Venezuela,2016-01-01,0.752,15200,75.3,0.46799999999999997,0.40399999999999997,Americas
Venezuela,2017-01-01,0.735,14500,75.3,0.387,0.507,Americas
Venezuela,2018-01-01,0.726,12500,75.2,0.316,0.501,Americas
Vietnam,2007-01-01,0.632,3850,72.8,0.264,0.542,Asia
Vietnam,2008-01-01,0.639,4030,73.0,0.253,0.5479999999999999,Asia
Vietnam,2009-01-01,0.65,4210,73.2,0.27399999999999997,0.53,Asia
Vietnam,2010-01-01,0.653,4430,73.5,0.294,0.53,Asia
Vietnam,2011-01-01,0.6629999999999999,4660,73.6,0.29600000000000004,0.5770000000000001,Asia
Vietnam,2012-01-01,0.6679999999999999,4860,73.8,0.289,0.5529999999999999,Asia
Vietnam,2013-01-01,0.6729999999999999,5070,74.0,0.32899999999999996,0.502,Asia
Vietnam,2014-01-01,0.675,5310,74.1,0.341,0.508,Asia
Vietnam,2015-01-01,0.68,5610,74.3,0.353,0.508,Asia
Vietnam,2016-01-01,0.685,5900,74.4,0.33799999999999997,0.506,Asia
Vietnam,2017-01-01,0.69,6230,74.5,0.308,0.518,Asia
Vietnam,2018-01-01,0.693,6610,74.6,0.308,0.53,Asia
Zambia,2007-01-01,0.49200000000000005,2800,51.5,0.525,0.4,Africa
Zambia,2008-01-01,0.507,2930,53.0,0.525,0.473,Africa
Zambia,2009-01-01,0.521,3120,54.5,0.546,0.526,Africa
Zambia,2010-01-01,0.531,3340,56.0,0.568,0.513,Africa
Zambia,2011-01-01,0.541,3420,57.5,0.619,0.5,Africa
Zambia,2012-01-01,0.552,3570,58.8,0.626,0.501,Africa
Zambia,2013-01-01,0.5589999999999999,3630,60.0,0.626,0.524,Africa
Zambia,2014-01-01,0.565,3690,61.1,0.639,0.435,Africa
Zambia,2015-01-01,0.57,3680,62.0,0.628,0.484,Africa
Zambia,2016-01-01,0.58,3700,62.8,0.599,0.435,Africa
Zambia,2017-01-01,0.589,3720,63.2,0.568,0.39299999999999996,Africa
Zambia,2018-01-01,0.591,3740,63.7,0.561,0.40399999999999997,Africa
Zimbabwe,2007-01-01,0.434,1810,45.9,0.258,0.32799999999999996,Africa
Zimbabwe,2008-01-01,0.43200000000000005,1480,46.3,0.253,0.317,Africa
Zimbabwe,2009-01-01,0.44799999999999995,1630,47.2,0.259,0.406,Africa
Zimbabwe,2010-01-01,0.47200000000000003,1930,49.7,0.264,0.46799999999999997,Africa
Zimbabwe,2011-01-01,0.49,2170,52.4,0.268,0.485,Africa
Zimbabwe,2012-01-01,0.516,2490,54.9,0.267,0.496,Africa
Zimbabwe,2013-01-01,0.527,2490,56.8,0.267,0.469,Africa
Zimbabwe,2014-01-01,0.537,2510,58.5,0.278,0.418,Africa
Zimbabwe,2015-01-01,0.544,2510,59.6,0.305,0.37,Africa
Zimbabwe,2016-01-01,0.5489999999999999,2490,60.5,0.305,0.374,Africa
Zimbabwe,2017-01-01,0.5529999999999999,2570,61.4,0.316,0.364,Africa
Zimbabwe,2018-01-01,0.563,2620,61.7,0.316,0.36200000000000004,Africa
